name,type
Katharyn Machan Aal,member
Monica Aasprong,member
Walter Abish,member
Vito Acconci,member
Friedrich Achleitner,member
Kathy Acker,member
Diane Ackerman,member
Elmaz Abinader,member
Helen Adam,member
Fleur Adcock,member
Etel Adnan,member
Rick Agran,member
Ai,member
Sascha Akhtar,member
Sally Alatalo,member
Nanina Alba,member
Rosa Alcalá,member
Alta (Alta Gerrey),member
Daisy Aldan,member
Elizabeth Alexander,member
Lewis Alexander,member
Will Alexander,member
Sherman Alexie,member
Miguel Algarín,member
Ahmed Legraham Alhamisi,member
Agha Shahid Ali,member
Dick Allen,member
Samuel Allen,member
Rick Alley,member
Nell Altizer,member
Julia Alvarez,member
George Amabile,member
Johari Amini,member
Kingsley Amis,member
A. R. Ammons,member
Paal Bjelke Andersen,member
Alice Anderson,member
Charles Anderson,member
Daniel Anderson,member
Jon Anderson,member
S. E. Anderson,member
Bruce Andrews,member
Ralph Angel,member
Talvikki Ansel,member
Aaron Anstett,member
David Antin,member
Roger Aplon,member
James Applewhite,member
Stan Apps,member
Louis Aragon,member
Alain Arias-Misson,member
Rae Armantrout,member
Craig Arnold,member
H. C. Artmann,member
John Ashbery,member
Askia M. Touré (Rolland Snellings),member
Amy De'Ath,member
Russell Atkins,member
Margaret Atwood,member
Nathan Austin,member
Joseph Awad,member
Susan Axelrod,member
Ronaldo Azeredo,member
Jimmy Santiago Baca,member
David Baker,member
Kuwasi Balagon,member
Peter Balakian,member
J. G. Ballard,member
Mary Jo Bang,member
Stephen Bann,member
Fiona Banner,member
Barbara Baracks,member
Amiri Baraka (LeRoi Jones),member
David Baratier,member
Sharon Barba,member
David Barber,member
Rick Barot,member
Gerald William Barrax,member
Judith Barrington,member
Anita Barrows,member
Ellen Bass,member
Madeline Bass,member
Bruce Bawer,member
Dan Beachy-Quick,member
Ray A. Young Bear,member
Bruce Beasley,member
Paul Beatty,member
Derek Beaulieu,member
Phyllis Beauvais,member
Joshua Beckman,member
Samuel Beckett,member
Tom Beckett,member
Cal Bedient,member
Erin Belieu,member
Josh Bell,member
Marvin Bell,member
William Bell,member
Dodie Bellamy,member
Martine Bellen,member
Carlo Belloli,member
Molly Bendall,member
Michael Benedikt,member
Lawrence Benford,member
Dina Ben-Lev,member
Bob Bennett,member
Bruce Bennett,member
Louise Bennett,member
Max Bense,member
John Bensko,member
Steve Benson,member
Jasper Bernes,member
Stephen Berg,member
Jacqueline Berger,member
Caroline Bergvall,member
Bill Berkson,member
David Berman,member
Erica Bernheim,member
Alan Bernheimer,member
Carole Bernstein,member
Charles Bernstein,member
Ted Berrigan,member
John Berryman,member
Mei-mei Berssenbrugge,member
James Bertram,member
Jen Bervin,member
Lebert Bethune,member
Gregory Betts,member
Mark Bibbins,member
Hart Leroi Bibbs,member
Frank Bidart,member
David Biespiel,member
Elizabeth Bishop,member
Sherwin Bitsui,member
Austin Black,member
Isaac J. Black,member
Paul Blackburn,member
Brian Blanchfield,member
Richard Blanco,member
Robin Blaser,member
Randy Blasing,member
Chana Bloch,member
Ron Block,member
Michael Blumenthal,member
Robert Bly,member
Louise Bogan,member
Christian Bök,member
Eavan Boland,member
Joe Bolton,member
Harold Bond,member
Arna Bontemps,member
Philip Booth,member
Ebbe Borregaard,member
Daniel Borzutzky,member
David Bottoms,member
Bruce Boyd,member
Anne Boyer,member
Kay Boyle,member
Edgar Bowers,member
Alison Brackenbury,member
Walter Bradford,member
Andrea Brady,member
Anne Hazlewood Brady,member
Edgard Braga,member
Beth Brant,member
Kamau Brathwaite,member
Jodi Braxton,member
George Brecht,member
Claus Bremer,member
Ray Bremser,member
Summer Brenner,member
Gaylord Brewer,member
John Bricuth,member
Besmilr Brigham,member
Lucie Brock-Broido,member
Van K. Brock,member
Jim Brodey,member
David Bromige,member
William Bronk,member
Edwin Brooks,member
Gwendolyn Brooks,member
Mary Pierce Brosmer,member
Nicole Brossard,member
Joel Brouwer,member
Brandon Brown,member
Earle Brown,member
James Brown,member
"Oscar Brown, Jr.",member
Lee Ann Brown,member
Rita Mae Brown,member
Rosellen Brown,member
Stephanie Brown,member
Sterling A. Brown,member
Laynie Browne,member
Michael Dennis Browne,member
Michael Brownstein,member
James Broughton,member
Debra Bruce,member
Sharon Bryan,member
Frederick J. Bryant,member
Oni Buchanan,member
Julianne Buchsbaum,member
Marie Buck,member
Julia Budenz,member
Charles Bukowski,member
Ed Bullins,member
Carlos Bulosan,member
Michael Burkard,member
Elizabeth-Jane Burnett,member
Stanley Burnshaw,member
Margaret Burroughs,member
William S. Burroughs,member
Stephen Burt,member
Lisa Buscani,member
Grace Butcher,member
Anthony Butts,member
David Buuck,member
Steph Byrd,member
Mairéad Byrne,member
Olga Cabral,member
John Cage,member
Marcella Caine,member
Rafael Campo,member
Augusto de Campos,member
Haroldo de Campos,member
Melissa Cannon,member
Henri Chopin,member
Nick Carbó,member
Henry Carlile,member
Jim Carpenter,member
Julie Carr,member
Jim Carroll,member
Kenneth Carroll,member
Paul Carroll,member
Hayden Carruth,member
Anne Carson,member
Keith Cartwright,member
Turner Cassity,member
Ana Castillo,member
Charles Causley,member
Blaise Cendrars,member
Joseph Ceravolo,member
Lorna Dee Cervantes,member
Theresa Hak Kyung Cha,member
Len Chandler,member
Fred Chappell,member
Hayan Charara,member
Helen Chasin,member
Lisa D. Chavez,member
Maxine Chernoff,member
Kelly Cherry,member
Laura Chester,member
Dan Chiasson,member
Abigail Child,member
Justin Chin,member
Marilyn Chin,member
A. V. Christie,member
Nicholas Christopher,member
Bao-Long Chu,member
John Ciardi,member
Sandra Cisneros,member
Thomas Claburn,member
Paula Claire,member
Amy Clampitt,member
Carl Clark,member
Elisabeth S. Clark,member
Tom Clark,member
Cheryl Clarke,member
Killarney Clary,member
Carlfriedrich Claus,member
Carole Gregory Clemmons,member
Michelle Cliff,member
Lucille Clifton,member
Claude Closky,member
Joshua Clover,member
Bob Cobbing,member
Andrei Codrescu,member
Lisa Coffman,member
Henri Cole,member
Norma Cole,member
Wanda Coleman,member
Martha Collins,member
Carrie St. George Comer,member
Gillian Conoley,member
Conyus,member
Mike Cook,member
Jennifer Cooke,member
Nicole Cooley,member
Peter Cooley,member
Clark Coolidge,member
Dennis Cooper,member
Jane Cooper,member
Corina Copp,member
William Corbett,member
Martin Corless-Smith,member
Cid Corman,member
Alfred Corn,member
Sam Cornish,member
Gregory Corso,member
Jayne Cortez,member
Gerald Costanzo,member
Jonathan Cott,member
Henri Coulette,member
Hart Crane,member
Robert Creeley,member
Emily Critchley,member
Ranice Henderson Crosby,member
Stanley Crouch,member
Cynthia Cruz,member
Victor Hernández Cruz,member
Katherine L. Cuestas,member
Countee Cullen,member
J. V. Cunningham,member
James Cunningham,member
Barbara Brinson Curiel,member
Linda Curry,member
Philip Dacey,member
Beverly Dahlen,member
Maria Damon,member
Rosemary Daniell,member
James Danner,member
Margaret Danner,member
Ann Darr,member
Tina Darragh,member
Lesley Dauer,member
Glover David,member
Joy Davidman,member
Michael Davidson,member
Donald Davie,member
Alan Davies,member
Brian Joseph Davis,member
Catherine Davis,member
Christopher Davis,member
Dick Davis,member
Frank Marshall Davis,member
Gloria Davis,member
Jordan Davis,member
Lydia Davis,member
Ronda Davis,member
Olena Kalytiak Davis,member
Ossie Davis,member
Thulani Davis,member
Peter Davison,member
Jean Day,member
Connie Deanovich,member
Julia de Burgos,member
Mark DeCarteret,member
Angela de Hoyos,member
Madeline DeFrees,member
David Degener,member
Katie Degentesh,member
Lee DeJasu,member
Walter De Maria,member
Mónica de la Torre,member
Walt Delegall,member
Juan Delgado,member
Edwin Denby,member
Dennis,member
Tom Dent,member
Jeff Derksen,member
Toi Derricotte,member
Eunice de Souza,member
Babette Deutsch,member
Thomas Devaney,member
Christopher Dewdney,member
"Di Piero, W. S.",member
Diane di Prima,member
James Dickey,member
Emily Dickinson,member
Denis Diderot,member
Patricia Dienstfrey,member
Linh Dinh,member
Ray DiPalma,member
Thomas M. Disch,member
Marcel Duchamp,member
"Djangatolum (Lloyd M. Corbin, Jr.)",member
Stephen Dobyns,member
Elizabeth Dodd,member
Owen Dodson,member
Reinhard Döhl,member
Ding Dong,member
Timothy Donnelly,member
Ebon Dooley,member
Stacy Doris,member
Sonya Dorman,member
Edward Dorn,member
Mark Doty,member
Sean Thomas Dougherty,member
Keith Douglas,member
Rita Dove,member
Philip Dow,member
Ben Doyle,member
Kirby Doyle,member
Suzanne J. Doyle,member
Lynne Dreyer,member
Johanna Drucker,member
Norman Dubie,member
Alfred A. Duckett,member
Richard Duerden,member
Peter Kane Dufault,member
Carol Ann Duffy,member
Alan Dugan,member
Denise Duhamel,member
Henry Dumas,member
Paul Lawrence Dunbar,member
Robert Duncan,member
Douglas Dunn,member
Stephen Dunn,member
Rachel Blau DuPlessis,member
Ray Durem,member
Craig Dworkin,member
Bob Dylan,member
Jaci Earley,member
Charles Edward Eaton,member
Richard Eberhart,member
Russell Edson,member
Harry Edwards,member
W. D. Ehrhart,member
Gretel Ehrlich,member
Larry Eigner,member
Barbara Einzig,member
Torsten Ekbom,member
Thomas Sayers Ellis,member
Kenward Elmslie,member
Laura Elrick,member
James A. Emanuel,member
Jocelyn Emerson,member
Leatrice W. Emeruwa,member
Lynn Emanuel,member
Anita Endrezze,member
John Engels,member
Daniel Mark Epstein,member
Elaine Equi,member
Heid E. Erdrich,member
Louise Erdrich,member
Clayton Eshleman,member
Martín Espada,member
Rhina P. Espaillat,member
Carrie Etter,member
George Evans,member
Mari Evans,member
William Everson (Brother Antoninus),member
Peter Everwine,member
Sarah Webster Fabio,member
Öyvind Fahlström,member
Ruth Fainlight,member
Dan Farrell,member
Julie Fay,member
Sascha Feinstein,member
Frederick Feirstein,member
Andrew Feld,member
Irving Feldman,member
Susan Feldman,member
Elizabeth Fenton,member
James Fenton,member
Deanna Ferguson,member
Gerald Ferguson,member
Lawrence Ferlinghetti,member
Renaldo Fernandez,member
Carl Fernbach-Flarsheim,member
Monica Ferrell,member
David Ferry,member
Edward Field,member
Miranda Field,member
Julia Fields,member
Kai Fierle-Hedrick,member
Annie Finch,member
Donald Finkel,member
Ian Hamilton Finlay,member
Lisa Fishman,member
Robert Fitterman,member
Bob Fletcher,member
Henry Flynt,member
Nick Flynn,member
"Forbes, Calvin",member
Carolyn Forché,member
Charles Henri Ford,member
Katie Ford,member
Kent Foreman,member
Nicole Forman,member
Ruth Forman,member
Sesshu Foster,member
Graham Foust,member
Siv Cedering Fox,member
Clarence Franklin,member
Al Fraser,member
Kathleen Fraser,member
Bill Frederick,member
Carol Freeman,member
Larry Freifeld,member
Benjamin Friedlander,member
Kenny Fries,member
Carol Frost,member
Joanna Fuhrman,member
Heather Fuller,member
John Fuller,member
Alice Fulton,member
Christopher Funkhouser,member
John Furnival,member
Tess Gallagher,member
Dick Gallup,member
James Galvin,member
Forrest Gander,member
Heinz Gappmayr,member
Suzanne Gardinier,member
Drew Gardner,member
Isabella Gardner,member
Susana Gardner,member
Ilse Garnier,member
Pierre Garnier,member
George Garrett,member
Jean Garrigue,member
Marvin Gaye,member
Lethonia Gee,member
Steve Gehrke,member
Joan Austin Geier,member
Timothy Geiger,member
Amy Gerstler,member
Susan Gevirtz,member
Reginald Gibbons,member
Margaret Gibson,member
Lawrence Giffin,member
Celia Gilbert,member
Christopher Gilbert,member
Zack Gilbert,member
Gary Gildner,member
Carmen Giménez Smith,member
Madeline Gins,member
Allen Ginsberg,member
Dana Gioia,member
John Giorno,member
Daniela Gioseffi,member
Nikki Giovanni,member
C. S. Giscombe,member
Peter Gizzi,member
Michele Glazer,member
Lisa Glatt,member
Madeline Gleason,member
Louise Glück,member
John Godfrey,member
Patricia Goedicke,member
Matthias Goeritz,member
Douglas Goetsch,member
Albert Goldbarth,member
Judith Goldman,member
Kenneth Goldsmith,member
Eugen Gomringer,member
Joe Goncalves,member
Rigoberto González,member
Michael Goode,member
Lorna Goodison,member
Melinda Goodman,member
L. Goodwin,member
Charles F. Gordon,member
Nada Gordon,member
Noah Eli Gordon,member
Sarah Gorham,member
Ludwig Gosewitz,member
Ann Gottlieb,member
Michael Gottlieb,member
Carmin Auld Goulbourne,member
Donald D. Govan,member
D. L. Graham,member
Dan Graham,member
Jorie Graham,member
K. Lorraine Graham,member
Le Graham,member
Rudy Bee Graham,member
W. S. Graham,member
Judy Grahn,member
Michelle Grangaud,member
Kim Green,member
Melissa Green,member
Arielle Greenberg,member
Barbara L. Greenberg,member
Carl H. Greene,member
Ted Greenwald,member
Jane Greer,member
Debora Greger,member
Debra Gregerman,member
Linda Gregg,member
Carole Gregory,member
Robert Grenier,member
Susan Griffin,member
Jessica Grim,member
Bohumila Grögerová,member
Emily Grosholz,member
Jennifer Grotz,member
José Lino Grünewald,member
Barbara Guest,member
Charles Gullans,member
Thom Gunn,member
R. S. Gwynn,member
Beth Gylys,member
Brion Gysin,member
H.D.,member
Marilyn Hacker,member
Rachel Hadas,member
Jessica Hagedorn,member
Kimiko Hahn,member
Haki R. Madhubuti (Don L. Lee),member
Donald Hall,member
John Hall,member
Kirk Hall,member
Anne Halley,member
Mark Halperin,member
Daniel Halpern,member
Michael Hamburger,member
Bobb Hamilton,member
Q. R. Hand,member
Al Hansen,member
James Harms,member
Joy Harjo,member
Edward Harkness,member
Michael S. Harper,member
Janice N. Harrington,member
William J. Harris,member
Jim Harrison,member
Tony Harrison,member
Elizabeth B. Harrod,member
Carla Harryman,member
Charles O. Hartman,member
Mary Cornelia Hartshorne,member
Matthea Harvey,member
Michael Harvey,member
Robert Hass,member
Umar Bin Hassan,member
William Hathaway,member
Vaclav Havel,member
Robert Hayden,member
Terrance Hayes,member
"Albert E. Haynes, Jr.",member
Steve Healey,member
Seamus Heaney,member
John Heath-Stubbs,member
Anthony Hecht,member
Allison Adelle Hedge Coke,member
Michael Heffernan,member
Thomas Heise,member
Helmut Heisesenbüttel,member
Lyn Hejinian,member
Judith Hemschemeyer,member
David Henderson,member
Peggy Henderson,member
Brian Henry,member
Calvin C. Hernton,member
Ruth Herschberger,member
Phillip Hey,member
William Heyen,member
Bob Hicok,member
Dick Higgins,member
Mitch Highfill,member
Geoffrey Hill,member
Mary Crockett Hill,member
Quentin Hill,member
Brenda Hillman,member
Ellen Hinsey,member
Josef Hiršal,member
Edward Hirsch,member
H. L. Hix,member
Everett Hoagland,member
Sandra Hochman,member
Åke Hodell,member
Daniel Hoffman,member
Linda Hogan,member
Jonathan Holden,member
Barbara A. Holland,member
John Hollander,member
Anselm Hollo,member
John Holloway,member
M. Carl Holman,member
John Holmes,member
Cathy Park Hong,member
Garrett Kaoru Hongo,member
Paul Hoover,member
Theodore Horne,member
David Brendan Hopes,member
Dom Sylvester Houédard,member
Joan Houlihan,member
Gloria Larry House,member
Ben Howard,member
Richard Howard,member
Vanessa Howard,member
Fanny Howe,member
Susan Howe,member
Barbara Howes,member
Andrew Hudgins,member
Yunte Huang,member
Douglas Huebler,member
Robert Huff,member
Langston Hughes,member
Ted Hughes,member
Richard Hugo,member
Christine Hume,member
Austin Hummell,member
T. R. Hummer,member
Erica Hunt,member
William Hunt,member
Toshi Ichiyanagi,member
David Ignatow,member
Yusef Iman,member
Catherine Imbriglio,member
Lawson Fusao Inada,member
Colette Inez,member
P. Inman (Peter Inman),member
Kenneth Irby,member
"Weldon J. Irvine, Jr.",member
Elton Hill-Abu Ishak,member
Lucille Iverson,member
Bruce Jackson,member
Major Jackson,member
J. L. Jacobs,member
Josephine Jacobsen,member
Peter Jaeger,member
Elizabeth James,member
Thomas James,member
Ernst Jandl,member
Mark Jarman,member
Lisa Jarnot,member
Randall Jarrell,member
Lance Jeffers,member
Elizabeth Jennings,member
Terry Jennings,member
Laura Jensen,member
Judson Jerome,member
Ted Joans,member
Johari Amini (Jewel C. Latimore),member
Alicia Loy Johnson,member
Christine C. Johnson,member
Denis Johnson,member
Don Johnson,member
Jonathan Johnson,member
James Weldon Johnson,member
Ray Johnson,member
"Raymond Edward ""Ray"" Johnson",member
Ronald Johnson,member
Gayle Jones,member
Howard Jones,member
Rodney Jones,member
Erica Jong,member
A. Van Jordan,member
Norman Jordan,member
Judy Jordan,member
June Jordan,member
Andrew Joron,member
Allison Joseph,member
Donald Justice,member
Kalamu ya Salaam (Val Ferdinand),member
Hiro Kamimura,member
Ilya Kaminsky,member
Lenore Kandel,member
Bhanu Kapil,member
Julia Kasdorf,member
Laura Kasischke,member
Kitasono Katue,member
Joy Katz,member
Bob Kaufman,member
Shirley Kaufman,member
Ellen de Young Kay,member
Emma Kay,member
Richard Katrovas,member
Claudia Keelan,member
Greg Keeler,member
Weldon Kees,member
Lenore Keeshit-Tobias,member
Sally Keith,member
Robert Kelly,member
Dolores Kendrick,member
Bill Kennedy,member
Christine Kennedy,member
X. J. Kennedy,member
Peggy Kenner,member
Richard Kenney,member
Jane Kenyon,member
David Keplinger,member
Jack Kerouac,member
Keorapetse William Kgositsile,member
Faye Kicknosway,member
Ger Killeen,member
Maurice Kilwein Guevara,member
Myung Mi Kim,member
Suji Kwock Kim,member
James Kimbrell,member
Galway Kinnell,member
Thomas Kinsella,member
Mary Kinzie,member
Carolyn Kizer,member
Peter Klappert,member
Michael Klauke,member
August Kleinzahler,member
Irena Klepfisz,member
Joanna Klink,member
Etheridge Knight,member
Bill Knott (Saint Geraud),member
Christopher Knowles,member
Caroline Knox,member
Kenneth Koch,member
Noelle Kocot,member
Rodney Koeneke,member
Phyllis Koestenbaum,member
Jiří Kolář,member
Sybil Kollar,member
Yusef Komunyakaa,member
Ted Kooser,member
Richard Kostelanetz,member
Joseph Kosuth,member
Aaron Kramer,member
Ferdinand Kriwet,member
Judith Kroll,member
Frances Kruk,member
Maxine Kumin,member
Stanley Kunitz,member
Alex Kuo,member
Kush,member
Greg Kuzma,member
Stephen Kwartler,member
Joanne Kyger,member
Gerry LaFemina,member
Melvin Walker La Follette,member
Oliver La Grone,member
Joan LaBombard,member
Philip Lamantia,member
Art Lange,member
Joseph Langland,member
Philip Larkin,member
Lance Larsen,member
Grace Lake,member
Paul Lake,member
James Laughlin,member
Ann Lauterbach,member
Robert Layzer,member
Sydney Lea,member
Joseph Lease,member
Katy Lederer,member
Al Lee,member
Li-Young Lee,member
Barbara Lefcowitz,member
David Lehman,member
Leevi Lehto,member
Brad Leithauser,member
Ben Lerner,member
Cy Leslie,member
Rika Lesser,member
Julius Lester,member
Meridel LeSueur,member
Denise Levertov,member
Dana Levin,member
Phillis Levin,member
Philip Levine,member
Mark Levine,member
Fred Levinson,member
Larry Levis,member
Janet Lewis,member
John L'Heureux,member
Elizabeth Libbey,member
Lyn Lifshin,member
Kate Light,member
Fatimah Lim-Wilson,member
Frank Lima,member
Tan Lin,member
Frans van der Linde,member
Linyatta (Doris Turner),member
Lou Lipsitz,member
Francesca Lisette,member
Beth Lisick,member
Timothy Liu,member
David Llorens,member
Reginald Lockett,member
Ron Loewinsohn,member
John Logan,member
William Logan,member
Dana Teen Lomax,member
M. Loncar,member
Joel Long,member
Worth Long,member
Michael Longley,member
Arrigo Lora-Totino,member
Audre Lorde,member
Adrian C. Louis,member
Trisha Low,member
Amy Lowell,member
Robert Lowell,member
Bill Luoma,member
James R. Lucas,member
"Ludvigson, Susan",member
Thomas Lux,member
K. Curtis Lyle,member
Karen Mac Cormack,member
Jackson Mac Low,member
Lewis MacAdams,member
Rory Macbeth,member
Cynthia MacDonald,member
Jon Mack,member
Mary Mackey,member
Nathaniel Mackey,member
Kathryn MacLeod,member
Naomi Long Madgett,member
Michael Magee,member
Margo Magid,member
Derek Mahon,member
Clarence Major,member
Joseph Major,member
Gerald Malanga,member
Stéphane Mallarmé,member
Nayo (Barbara Malcolm),member
Donato Mancini,member
Tom Mandel,member
Maurice Manning,member
Peter Manson,member
Morton Marcus,member
Paul Mariani,member
Malinda Markham,member
Sabrina Orah Mark,member
Corey Marks,member
Peter Markus,member
David Marlatt,member
Stephanie Marlis,member
D. S. Marriott,member
Jack Marshall,member
Edward Marshall,member
Charles Martin,member
Dionisio D. Martínez,member
Valerie Martínez,member
Marvin X (Marvin E. Jackmon),member
Donna Masini,member
David Mason,member
John Mason,member
William Matchett,member
Harry Mathews,member
Cleopatra Mathis,member
Shigeru Matsui,member
Khaled Mattawa,member
William Matthews,member
Richard Maxfield,member
Ellyn Maybe,member
Bernadette Mayer,member
Hansjörg Mayer,member
Sophie Mayer,member
Curtis Mayfield,member
Jane Mayhall,member
E. L. Mayo,member
"McBride, Mekeel",member
Angela McCabe,member
Steve McCaffery,member
Shara McCallum,member
Cavan McCarthy,member
Gerald McCarthy,member
J. D. McClatchy,member
Michael McClure,member
Judith McCombs,member
Howard McCord,member
Jeffrey McDaniel,member
Colleen J. McElroy,member
David McElroy,member
Phyllis McGinley,member
Campbell McGrath,member
Thomas McGrath,member
Medbh McGuckian,member
Heather McHugh,member
Patricia McIlnay,member
Leslie Anne Mcilroy,member
Claude McKay,member
Elizabeth McKim,member
Paula McLain,member
Stephen McLaughlin,member
James McMichael,member
Mark McMorris,member
Sandra McPherson,member
Joyelle McSweeney,member
Peter Meinke,member
David Melnick,member
Richard Meltzer,member
David Meltzer,member
William Meredith,member
Eve Merriam,member
James Merrill,member
Constance Merritt,member
W. S. Merwin,member
Sharon Mesmer,member
Sarah Messer,member
Douglas Messerli,member
Deena Metzger,member
June Meyer,member
Robert Mezey,member
James Michie,member
Christof Migone,member
Josephine Miles,member
Edna St. Vincent Millay,member
Adam David Miller,member
Jane Miller,member
Vassar Miller,member
Tomoko Minami,member
Carol Mirakove,member
Gary Miranda,member
Ernie Mkalimoto,member
Judith Moffett,member
K. Silem Mohammad,member
N. Scott Momaday,member
Franz Mon,member
Paul Monette,member
Geraldine Monk,member
Leslie Monsour,member
Honor Moore,member
Marianne Moore,member
Richard Moore,member
Rosalie Moore,member
Amus Mor,member
Cherríe Moraga,member
Edwin Morgan,member
Frederick Morgan,member
John Morgan,member
Robin Morgan,member
Robert Morgan,member
Laura Moriarty,member
Hilda Morley,member
Mörling Malena,member
Herbert Morris,member
Marianne Morris,member
Robert Morris,member
Simon Morris,member
Simone Morris,member
Tracie Morris,member
Rusty Morrison,member
Yedda Morrison,member
"Joseph M. Mosley, Jr.",member
Howard Moss,member
Stanley Moss,member
Thylia Moss,member
Fred Moten,member
Andrew Motion,member
Julie Moulds,member
Erin Mouré,member
Jennifer Moxley,member
Jenny Mueller,member
Lisel Mueller,member
Paul Muldoon,member
Wendy Mulford,member
Rick Mulkey,member
Harryette Mullen,member
Laura Mullen,member
G. E. Murray,member
Les Murray,member
Pauli Murray,member
David Mus,member
Carol Muske-Dukes,member
Jack Myers,member
Eileen Myles,member
Glenn Myles,member
Maurizio Nannucci,member
Gaston Neal,member
Larry Neal,member
Melanie Neilson,member
Maggie Nelson,member
Marilyn Nelson,member
Alexandra Nemerov,member
Howard Nemerov,member
Amy Newman,member
Michael Nicholas,member
bpNichol (Barrie Phillip Nichol),member
Mel Nichols,member
Grace Nichols,member
Jeanette Nichols,member
Lorine Niedecker,member
Hans-Jørgen Nielsen,member
Seiichi Niikuni,member
Heidi Lynn Nilsson,member
John Frederick Nims,member
Rick Noguchi,member
Suzanne Noguere,member
Eiríkur Örn Norðdahl,member
George Norman,member
Leslie Norris,member
Charles North,member
Alice Notley,member
Ladislav Novák,member
Mark Nowak,member
Geoffrey Nutter,member
Naomi Shihab Nye,member
C. K. Ogden,member
DT Ogilvie,member
Jennifer O'Grady,member
Frank O'Hara,member
Christopher Okigbo,member
Sharon Olds,member
Carole Oles,member
Mary Oliver,member
Tejumola Ologboni,member
Redell Olsen,member
Tillie Lerner Olsen,member
Charles Olson,member
Michael Ondaatze,member
John O'Neal,member
Yoko Ono,member
George Oppen,member
Joel Oppenheimer,member
Tom Orange,member
Steve Orlen,member
Peter Orlovsky,member
Gregory Orr,member
Simon J. Ortiz,member
Barbara J. Orton,member
Maggie O'Sullivan,member
Brenda Marie Osbey,member
Joe Osterhaus,member
Alicia Ostriker,member
Maureen Owen,member
Rochelle Owens,member
Abiodun Oyewole,member
Robert Pack,member
Ron Padgett,member
P. K. Page,member
Nam June Paik,member
Frankie Paino,member
Grace Paley,member
Michael Palmer,member
Miriam Palmer,member
Suzanne Paola,member
Greg Pape,member
Ethan Paquin,member
Parasitic Ventures,member
Jay Parini,member
Alan Michael Parker,member
Elsie Paschen,member
Linda Pastan,member
Kenneth Patchen,member
Charles Patterson,member
G. E. Patterson,member
James Patterson,member
Raymond Richard Patterson,member
Julie Patton,member
Yüksel Pazarkaya,member
Okot p'Biket,member
Molly Peacock,member
John Peck,member
V. Penelope Pelizzon,member
Georges Perec,member
Bob Perelman,member
Craig Santos Perez,member
Stuart Z. Perkoff,member
John Perreault,member
Holly Pester,member
Michael Pettit,member
M. Nourbese Philip,member
Dennis Phillips,member
Tracy Philpot,member
Marge Piercy,member
Décio Pignatari,member
Wang Ping,member
Helen Pinkerton,member
Wlademir Dias Pino,member
Robert Pinsky,member
Luiz Angelo Pinto,member
Nick Piombino,member
Vanessa Place,member
Sylvia Plath,member
Stanley Plumly,member
Sterling Plumpp,member
Hyam Plutzik,member
Katha Pollitt,member
Tom Poole,member
Bern Porter,member
Ezra Pound,member
D. A. Powell,member
Frances Presley,member
Rohan B.,member
Larry Price,member
N. H. Pritchard,member
Kevin Prufer,member
Wyatt Prunty,member
Queen Latifah (Dana Owens),member
Raymond Queneau,member
Helen Quigless,member
Cathleen Quirk,member
Lawrence Raab,member
Thomas Rabbitt,member
Charles Rafferty,member
Yusuf Rahman,member
Craig Raine,member
Carl Rakosi,member
A. K. Ramanujan,member
Bin Ramke,member
Heather Ramsdell,member
Dudley Randall,member
Julia Randall,member
Margaret Randall,member
Paula Rankin,member
Claudia Rankine,member
Lennox Raphael,member
Amir Rashidd,member
Niema Rashidd,member
Stephen Ratcliffe,member
Rochelle Ratner,member
Tom Raworth,member
Joanna Rawson,member
David Ray,member
Judith Rechter,member
Eugene Redmond,member
Srikanth Reddy,member
Spencer Reece,member
Clarence Reed,member
Ishmael Reed,member
Carlyle Reedy,member
William Reichard,member
Alastair Reid,member
Christopher Reid,member
Ariana Reines,member
James Reiss,member
Paisley Rekdal,member
Naomi Replansky,member
Joan Retallack,member
Carl Fredrik Reuterswärd,member
Donald Revell,member
Kenneth Rexroth,member
Barbara Jane Reyes,member
Rebecca Reynolds,member
Charles Reznikoff,member
Adrienne Rich,member
Deborah Richards,member
Edward Richer,member
Wendy G. Rickert,member
Ridhiana,member
John Ridland,member
Denise Riley,member
Atsuro Riley,member
Terry Riley,member
Suzanne Berger Rioff,member
Alberto Álvaro Ríos,member
Conrad Kent Rivers,member
Ed Roberson,member
Kim Roberts,member
Steven Roberts,member
Lisa Robertson,member
Elizabeth Robinson,member
Kit Robinson,member
Sophie Robinson,member
Ruthann Robson,member
Stephen Rodefer,member
Carolyn Rodgers,member
Theodore Roethke,member
Pattiann Rogers,member
Matthew Rohrer,member
Martha Ronk,member
William Pitt Root,member
Lee Ann Roripaugh,member
Wendy Rose,member
Raymond Roseliep,member
Catie Rosemurgy,member
Kenneth Rosen,member
Michael J. Rosen,member
Sarah Rosenblatt,member
Kim Rosenfield,member
Dieter Roth,member
Jerome Rothenberg,member
Raymond Roussel,member
Camille Roy,member
Kathryn Ruby,member
Gibbons Ruark,member
Sarah Ruden,member
Mary Ruefle,member
Gerhard Rühm,member
Muriel Rukeyser,member
Carol Rumens,member
Tessa Rumsey,member
Michael Ryan,member
John Rybicki,member
Ira Sadoff,member
Luis Omar Salinas,member
Mary Jo Salter,member
Lisa Samuels,member
Mary Ann Samyn,member
Sonia Sanchez,member
Kaia Sand,member
Ed Sanders,member
Morgan Sanders,member
Sherod Santos,member
Elizabeth Sargent (E. N. Sargent),member
Aram Saroyan,member
May Sarton,member
Leslie Scalapino,member
Susan Fromberg Schaeffer,member
Ruth Lisa Schechter,member
Roy Scheele,member
James Schevill,member
Robyn Schiff,member
Margot Schilpp,member
Peter Schjeldahl,member
Dennis Schmitz,member
Gjertrud Schnackenberg,member
Philip Schultz,member
Susan M. Schultz,member
James Schuyler,member
Delmore Schwartz,member
Ruth L. Schwartz,member
Gail Scott,member
Johnie Scott,member
Sharon Scott,member
Gil Scott-Heron,member
Winfield Townley Scott,member
Maureen Seaton,member
Peter Seaton,member
Hugh Seidman,member
Lisa Sewell,member
Patty Seyburn,member
Anne Sexton,member
Alan Shapiro,member
David Shapiro,member
Karl Shapiro,member
John J. Sharkey,member
Brenda Shaughnessy,member
Angela Shaw,member
Martha Shelley,member
Reginald Shepherd,member
James Sherry,member
Judith Johnson Sherwin,member
Ara Shirinyan,member
Aaron Shurin,member
Eleni Sikelianos,member
Richard Siken,member
Jon Silkin,member
Martha Silano,member
Leslie Marmon Silko,member
Ron Silliman,member
Charles Simic,member
Barbara Simmons,member
"Gerald L. Simmons, Jr.",member
Herbert A. Simmons,member
Maurya Simon,member
Leslie Simon,member
Louis Simpson,member
Lefty Sims,member
John Sinclair,member
L. E. Sissman,member
C. H. Sisson,member
Knute Skinner,member
Floyd Skloot,member
Zoë Skoulding,member
David R. Slavitt,member
Mary Margaret Sloan,member
Edward Lucie Smith,member
Patricia Smith,member
Welton Smith,member
Dave Smith,member
Rod Smith,member
Tracy K. Smith,member
William Jay Smith,member
W. D. Snodgrass,member
Carol Snow,member
Gary Snyder,member
Gustaf Sobin,member
Rose Solari,member
Phillip Solomon,member
Mary Ellen Solt,member
Cathy Song,member
Angela Sorby,member
Gilbert Sorrentino,member
Gary Soto,member
Marcia Southwick,member
Wole Soyinka,member
Barry Spacks,member
Juliana Spahr,member
Adriano Spatola,member
Roberta Spear,member
A. B. Spellman,member
Jack Spicer,member
Elizabeth Spires,member
Kathleen Spivack,member
Daniel Spoerri,member
Edward S. Spriggs,member
David St. John,member
William Stafford,member
Maura Stanton,member
George Starbuck,member
Timothy Steele,member
Brian Kim Stefans,member
Gertrude Stein,member
Jane Stembridge,member
Stephany,member
Philip Stephens,member
Barry Sternlieb,member
Wallace Stevens,member
Anne Stevenson,member
James T. Stewart,member
Susan Stewart,member
Terry Stokes,member
Leon Stokesbury,member
Carolyn Stoloff,member
Patricia Storace,member
Ruth Stone,member
Mark Strand,member
Catriona Strang,member
Barrett Strong,member
Christina Strong,member
Lynn Strongin,member
Dabney Stuart,member
Adrienne Su,member
Virgil Suárez,member
Nazzam Al Sudan,member
Lynn Sukenick,member
Gary Sullivan,member
Sun Ra (Herman Poole Blount),member
Susan Sutheim,member
Barton Sutter,member
Brian Swann,member
Cole Swensen,member
Karen Swenson,member
May Swenson,member
Joan Swift,member
Janet Sylvester,member
Larissa Szporluk,member
Margo Taft,member
John Taggart,member
Bee Bee Tan,member
Nathaniel Tarn,member
James Tate,member
Henry Taylor,member
Richard Tayson,member
Brian Teare,member
Roberto Tejada,member
Fiona Templeton,member
Jean Tepperman,member
Dylan Thomas,member
Richard W. Thomas,member
Lorenzo Thomas,member
André Thomkins,member
Glen Thompson,member
Nick Thurston,member
Anthony Thwaite,member
Susan Tichy,member
Richard Tillinghast,member
Larry Timewell,member
Charles Tomlinson,member
Jean Toomer,member
Sotère Torregian,member
Edwin Torres,member
Rodrigo Toscano,member
J. Tarin Towers,member
Tony Towle,member
Ann Townsend,member
Elizabeth Treadwell,member
Natasha Trethewey,member
Wesley Trimpi,member
David Trinidad,member
Pimone Triplett,member
Quincy Troupe,member
Sam Truitt,member
Kitty Tsui,member
Lewis Turco,member
Darwin T. Turner,member
Frederick Turner,member
Chase Twichell,member
Tristan Tzara,member
Alpay Ulku,member
John Updike,member
Enrique Uribe Valdivielso,member
Jean Valentine,member
Alden Van Buskirk,member
Mona Van Duyn,member
Allen Van Newkirk,member
Reetika Vazirani,member
Tom Veitch,member
Franco Verdi,member
Paul Vesey,member
Lisa Vice,member
Cecilia Vicuña,member
Peter Viereck,member
Anthony R. Vigil,member
Alma Luz Villanueva,member
Julia Vinograd,member
Paul Violi,member
Ellen Bryant Voigt,member
Arthur Vogelsang,member
Karen Volkman,member
Paul de Vree,member
Catherine Wagner,member
David Wagoner,member
Jeffrey Wainwright,member
Jacques Wakefield,member
Diane Wakoski,member
Derek Walcott,member
Anne Waldman,member
G. C. Waldrep,member
Keith Waldrop,member
Rosmarie Waldrop,member
Alice Walker,member
Margaret Walker,member
Michele Wallace,member
Ronald Wallace,member
Beatrice Walter,member
Malaika Ayo Wangara,member
Marilyn N. Waniek,member
David Scott Ward,member
Diane Ward,member
Thom Ward,member
Andy Warhol,member
James Waring,member
Candice Warne,member
Robert Penn Warren,member
Rosanna Warren,member
Lewis Warsh,member
Raymond Washington,member
Michael Waters,member
Craig Watson,member
Barrett Watten,member
Carol Watts,member
Tom Weatherly,member
Roger Weingarten,member
Joe Wenderoth,member
Ingrid Wendt,member
Bruce Weigl,member
Hannah Weiner,member
Theodore Weiss,member
Ron Welburn,member
James Welch,member
Lew Welch,member
Marjorie Welish,member
Mac Wellman,member
Darren Wershler,member
Christine Wertheim,member
Kathleene West,member
Mildred Weston,member
Rachel Wetzsteon,member
Philip Whalen,member
Susan Wheeler,member
Gail White,member
Jon Manchip White,member
Lawrence L. White,member
Tyner White,member
James Whitehead,member
Roberta Hill Whiteman,member
Norman Whitfield,member
Carolyn B. Whitlow,member
Ruth Whitman,member
Susan M. Whitmore,member
Joyce Whitsitt,member
Reed Whittemore,member
Wendy Wieber,member
Wiener Gruppe,member
John Wieners,member
Dara Wier,member
Richard Wilbur,member
Peter Wild,member
Joshua Marie Wilkinson,member
Nancy Willard,member
C. K. Williams,member
Crystal Williams,member
Emmett Williams,member
John A. Williams,member
Jonathan Williams,member
Lisa Williams,member
Miller Williams,member
William Carlos Williams,member
Greg Williamson,member
Elizabeth Willis,member
Emily Wilson,member
Reginald Wilson,member
Steve Wilson,member
Ted Wilson,member
Christian Wiman,member
Sigmonde Wimberli,member
Fran Winant,member
Max Winter,member
Sara Wintz,member
Suzanne Wise,member
Harold Witt,member
Sam Witt,member
David Wojahn,member
Helen Wolfert,member
Christian Wolff,member
Daniel Wolff,member
Rebecca Wolff,member
Lissa Wolsak,member
Nellie Wong,member
Elisabeth Workman,member
James Worley,member
Baron Wormser,member
C. D. Wright,member
Celeste T. Wright,member
Charles Wright,member
James Wright,member
Jay Wright,member
Judith Wright,member
Richard Wright,member
Mark Wunderlich,member
Elinor Wylie,member
M. Wyrebek,member
Pedro Xisto,member
Mitsuye Yamada,member
Yasuo Fujitomi,member
John Yau,member
William Butler Yeats,member
Monica Youn,member
Al Young,member
C. Dale Young,member
David Young,member
Dean Young,member
Kevin Young,member
La Monte Young,member
Yvonne,member
Katayoon Zandvakili,member
Matthew Zapruder,member
Andrew Zawacki,member
Lisa Zeidner,member
Paul Zimmer,member
Evan Zimroth,member
Ahmos Zu-Bolton II,member
Rachel Zucker,member
Louis Zukofsky,member
Steven Zultanski,member
Vladimir Zykov,member
Elliston,institution
PennSound,institution
UbuWeb,institution
Voca,institution
Bernstein_Language Sampler_1982,institution
Bracey_SOS_2014,institution
Brooks_Jump Bad_1971,institution
Carroll_The Young American Poets_1968,institution
Chapman_New Black Voices_1972,institution
Chester_Rising Tides_1973,institution
Ciardi_Mid-Century American Poets_1950,institution
Costanzo_American Poetry_2000,institution
Critchley_Out of Everywhere 2_2015,institution
Dacey_Strong Measures_1986,institution
Dumanis_Legitimate Dangers_2006,institution
Dworkin_Against Expression_2011,institution
Elliott_Fifteen Modern American Poets_1956,institution
Finch_A Formal Feeling Comes_1994,institution
Gardner_Flarf_2017,institution
Goldsmith_Flarf & Conceptual Writing_2009,institution
Hall_New Poets of England and America_1957,institution
Halpern_The New Poetry Anthology_1975,institution
Hoover_Postmodern American Poetry_1994,institution
Hoover_Postmodern American Poetry_2013,institution
Howe_No More Masks!_1973,institution
Iverson_We Become New_1975,institution
Jarman_Rebel Angels_1996,institution
Jones_Black Fire_1968,institution
Jordan_soulscript_1970,institution
"King, Jr._The Forerunners_1975",institution
Major_The New Black Poetry_1969,institution
McClatchy_Contemporary American Poetry_1990,institution
McGann_Postmodern Poetries_1990,institution
Messerli_A New American Poetry_1994,institution
"Messerli_""Language"" Poetries_1994",institution
Myers_The Poets of the New York School_1969,institution
Nelson_Contemporary American Poetry_2015,institution
O'Sullivan_Out of Everywhere_1996,institution
Padgett_An Anthology of New York Poets_1970,institution
Piercy_Early Ripening_1987,institution
Prufer_The New Young American Poets_2000,institution
Ramazani_Contemporary Poetry_2003,institution
Randall_For Malcolm_1969,institution
Rankine_American Women Poets_2002,institution
Allen_The New American Poetry_1960,institution
Rankine_American Poets in the 21st Century_2007,institution
Rankine_Eleven More American Women Poets_2012,institution
Rankine_American Poets in the 21st Century_2018,institution
Richman_The Direction of Poetry_1988,institution
Segnitz_Psyche_1973,institution
Sewell_North American Women Poets in the 21st Century_2020,institution
Shepherd_The Iowa Anthology_2004,institution
Shepherd_Lyric Postmodernisms_2008,institution
Silliman_In the American Tree_1986,institution
Silliman_The Dwelling Place_1975,institution
Axelrod_Postmodernisms_2012,institution
Silliman_Realism_1982,institution
Sloan_Moving Borders_1998,institution
Smith_The Morrow Anthology_1985,institution
Swensen_American Hybrid_2009,institution
Vendler_Contemporary American Poetry_1985,institution
Weinberger_American Poetry Since 1950_1993,institution
Williams_An Anthology of Concrete Poetry_1963,institution
Young_An Anthology of Chance Operations_1963,institution
Berg_Naked Poetry_1969,institution
Berg_The New Naked Poetry_1976,institution
Bernstein_43 Poets_1985,institution