source,target,weight
Vito Acconci,UbuWeb,1
Kathy Acker,PennSound,1
Kathy Acker,UbuWeb,1
Diane Ackerman,voca,1
Diane Ackerman,Smith_The Morrow Anthology_1985,1
Helen Adam,PennSound,1
Etel Adnan,PennSound,1
Ai,voca,1
Ai,Halpern_The New Poetry Anthology_1975,1
Ai,Smith_The Morrow Anthology_1985,1
Rosa Alcalá,voca,1
Elizabeth Alexander,PennSound,1
Elizabeth Alexander,Finch_A Formal Feeling Comes_1994,1
Elizabeth Alexander,Jarman_Rebel Angels_1996,1
Will Alexander,PennSound,1
Sherman Alexie,voca,1
Agha Shahid Ali,Elliston,1
Dick Allen,Elliston,1
Nell Altizer,Finch_A Formal Feeling Comes_1994,1
Julia Alvarez,Elliston,1
Julia Alvarez,Finch_A Formal Feeling Comes_1994,1
Julia Alvarez,Jarman_Rebel Angels_1996,1
Kingsley Amis,Hall_New Poets of England and America_1957,1
A. R. Ammons,McClatchy_Contemporary American Poetry_1990,1
A. R. Ammons,Vendler_Contemporary American Poetry_1985,1
Daniel Anderson,Elliston,1
Jon Anderson,voca,1
Jon Anderson,Dacey_Strong Measures_1986,1
Jon Anderson,Halpern_The New Poetry Anthology_1975,1
Jon Anderson,Smith_The Morrow Anthology_1985,1
Bruce Andrews,PennSound,1
David Antin,PennSound,1
David Antin,UbuWeb,1
Louis Aragon,UbuWeb,1
Rae Armantrout,PennSound,1
Rae Armantrout,voca,1
John Ashbery,Elliston,1
John Ashbery,PennSound,1
John Ashbery,UbuWeb,1
John Ashbery,voca,1
John Ashbery,Dacey_Strong Measures_1986,1
John Ashbery,McClatchy_Contemporary American Poetry_1990,1
John Ashbery,Vendler_Contemporary American Poetry_1985,1
Jimmy Santiago Baca,voca,1
David Baker,Elliston,1
David Baker,voca,1
David Baker,Dacey_Strong Measures_1986,1
David Baker,Smith_The Morrow Anthology_1985,1
Peter Balakian,Smith_The Morrow Anthology_1985,1
Mary Jo Bang,voca,1
Amiri Baraka (LeRoi Jones),PennSound,1
Amiri Baraka (LeRoi Jones),UbuWeb,1
Judith Barrington,voca,1
Judith Barrington,Finch_A Formal Feeling Comes_1994,1
Bruce Bawer,Jarman_Rebel Angels_1996,1
Dan Beachy-Quick,voca,1
Ray A. Young Bear,PennSound,1
Paul Beatty,Elliston,1
Joshua Beckman,voca,1
Samuel Beckett,UbuWeb,1
Cal Bedient,voca,1
Josh Bell,Elliston,1
Marvin Bell,voca,1
Marvin Bell,Dacey_Strong Measures_1986,1
Marvin Bell,Halpern_The New Poetry Anthology_1975,1
Marvin Bell,McClatchy_Contemporary American Poetry_1990,1
William Bell,Hall_New Poets of England and America_1957,1
Dodie Bellamy,PennSound,1
Martine Bellen,PennSound,1
Molly Bendall,Elliston,1
Michael Benedikt,Elliston,1
Michael Benedikt,UbuWeb,1
Michael Benedikt,Halpern_The New Poetry Anthology_1975,1
Bruce Bennett,Dacey_Strong Measures_1986,1
Louise Bennett,PennSound,1
John Bensko,Smith_The Morrow Anthology_1985,1
Steve Benson,PennSound,1
Caroline Bergvall,PennSound,1
Caroline Bergvall,UbuWeb,1
Caroline Bergvall,voca,1
Bill Berkson,PennSound,1
Alan Bernheimer,PennSound,1
Charles Bernstein,PennSound,1
Charles Bernstein,UbuWeb,1
Charles Bernstein,voca,1
Ted Berrigan,PennSound,1
Ted Berrigan,UbuWeb,1
John Berryman,Elliston,1
John Berryman,Dacey_Strong Measures_1986,1
John Berryman,McClatchy_Contemporary American Poetry_1990,1
John Berryman,Vendler_Contemporary American Poetry_1985,1
Mei-mei Berssenbrugge,PennSound,1
Mei-mei Berssenbrugge,voca,1
James Bertram,Dacey_Strong Measures_1986,1
Jen Bervin,PennSound,1
Jen Bervin,voca,1
Frank Bidart,voca,1
Frank Bidart,Halpern_The New Poetry Anthology_1975,1
Frank Bidart,McClatchy_Contemporary American Poetry_1990,1
Frank Bidart,Vendler_Contemporary American Poetry_1985,1
Elizabeth Bishop,Ciardi_Mid-Century American Poets_1950,1
Elizabeth Bishop,Dacey_Strong Measures_1986,1
Elizabeth Bishop,Elliott_Fifteen Modern American Poets_1956,1
Elizabeth Bishop,McClatchy_Contemporary American Poetry_1990,1
Elizabeth Bishop,Vendler_Contemporary American Poetry_1985,1
Sherwin Bitsui,voca,1
Paul Blackburn,PennSound,1
Brian Blanchfield,voca,1
Robin Blaser,PennSound,1
Chana Bloch,Smith_The Morrow Anthology_1985,1
Ron Block,Dacey_Strong Measures_1986,1
Michael Blumenthal,Smith_The Morrow Anthology_1985,1
Michael Blumenthal,Vendler_Contemporary American Poetry_1985,1
Robert Bly,Elliston,1
Robert Bly,voca,1
Robert Bly,Hall_New Poets of England and America_1957,1
Louise Bogan,voca,1
Christian Bök,PennSound,1
Christian Bök,UbuWeb,1
Christian Bök,voca,1
Eavan Boland,voca,1
Philip Booth,Dacey_Strong Measures_1986,1
Philip Booth,Hall_New Poets of England and America_1957,1
Daniel Borzutzky,voca,1
David Bottoms,Smith_The Morrow Anthology_1985,1
Anne Boyer,PennSound,1
Edgar Bowers,Hall_New Poets of England and America_1957,1
Edgar Bowers,McClatchy_Contemporary American Poetry_1990,1
Kamau Brathwaite,PennSound,1
George Brecht,UbuWeb,1
John Bricuth,Dacey_Strong Measures_1986,1
Van K. Brock,Dacey_Strong Measures_1986,1
Jim Brodey,PennSound,1
William Bronk,Elliston,1
William Bronk,PennSound,1
Gwendolyn Brooks,Dacey_Strong Measures_1986,1
Nicole Brossard,PennSound,1
Lee Ann Brown,PennSound,1
Lee Ann Brown,voca,1
Rosellen Brown,Elliston,1
Rosellen Brown,Finch_A Formal Feeling Comes_1994,1
Sterling A. Brown,PennSound,1
Laynie Browne,PennSound,1
Laynie Browne,voca,1
Michael Dennis Browne,voca,1
Michael Dennis Browne,Dacey_Strong Measures_1986,1
Michael Dennis Browne,Halpern_The New Poetry Anthology_1975,1
Michael Brownstein,PennSound,1
Debra Bruce,Finch_A Formal Feeling Comes_1994,1
Sharon Bryan,Smith_The Morrow Anthology_1985,1
Julia Budenz,Finch_A Formal Feeling Comes_1994,1
Charles Bukowski,UbuWeb,1
Michael Burkard,Elliston,1
Michael Burkard,voca,1
Stanley Burnshaw,PennSound,1
William S. Burroughs,UbuWeb,1
David Buuck,PennSound,1
John Cage,UbuWeb,1
Rafael Campo,Elliston,1
Rafael Campo,voca,1
Rafael Campo,Jarman_Rebel Angels_1996,1
Augusto de Campos,UbuWeb,1
Haroldo de Campos,UbuWeb,1
Melissa Cannon,Finch_A Formal Feeling Comes_1994,1
Henri Chopin,UbuWeb,1
Nick Carbó,Elliston,1
Henry Carlile,voca,1
Henry Carlile,Dacey_Strong Measures_1986,1
Julie Carr,PennSound,1
Julie Carr,voca,1
Hayden Carruth,voca,1
Hayden Carruth,Dacey_Strong Measures_1986,1
Turner Cassity,Elliston,1
Turner Cassity,Dacey_Strong Measures_1986,1
Charles Causley,Hall_New Poets of England and America_1957,1
Joseph Ceravolo,PennSound,1
Joseph Ceravolo,UbuWeb,1
Lorna Dee Cervantes,voca,1
Fred Chappell,Dacey_Strong Measures_1986,1
Maxine Chernoff,PennSound,1
Maxine Chernoff,voca,1
Kelly Cherry,Dacey_Strong Measures_1986,1
Kelly Cherry,Finch_A Formal Feeling Comes_1994,1
Abigail Child,PennSound,1
Marilyn Chin,voca,1
Nicholas Christopher,Smith_The Morrow Anthology_1985,1
John Ciardi,voca,1
John Ciardi,Ciardi_Mid-Century American Poets_1950,1
John Ciardi,Dacey_Strong Measures_1986,1
Sandra Cisneros,voca,1
Sandra Cisneros,Finch_A Formal Feeling Comes_1994,1
Amy Clampitt,Elliston,1
Amy Clampitt,Dacey_Strong Measures_1986,1
Amy Clampitt,McClatchy_Contemporary American Poetry_1990,1
Amy Clampitt,Vendler_Contemporary American Poetry_1985,1
Cheryl Clarke,Finch_A Formal Feeling Comes_1994,1
Carlfriedrich Claus,UbuWeb,1
Lucille Clifton,voca,1
Lucille Clifton,Halpern_The New Poetry Anthology_1975,1
Claude Closky,UbuWeb,1
Joshua Clover,PennSound,1
Joshua Clover,voca,1
Bob Cobbing,UbuWeb,1
Henri Cole,Elliston,1
Norma Cole,PennSound,1
Wanda Coleman,Elliston,1
Wanda Coleman,PennSound,1
Martha Collins,Elliston,1
Martha Collins,Dacey_Strong Measures_1986,1
Conyus,Halpern_The New Poetry Anthology_1975,1
Peter Cooley,Elliston,1
Peter Cooley,Dacey_Strong Measures_1986,1
Peter Cooley,Halpern_The New Poetry Anthology_1975,1
Peter Cooley,Smith_The Morrow Anthology_1985,1
Clark Coolidge,PennSound,1
Clark Coolidge,voca,1
Dennis Cooper,UbuWeb,1
Jane Cooper,Elliston,1
Jane Cooper,Dacey_Strong Measures_1986,1
William Corbett,PennSound,1
Martin Corless-Smith,PennSound,1
Cid Corman,PennSound,1
Cid Corman,Dacey_Strong Measures_1986,1
Alfred Corn,Elliston,1
Alfred Corn,Dacey_Strong Measures_1986,1
Alfred Corn,McClatchy_Contemporary American Poetry_1990,1
Alfred Corn,Smith_The Morrow Anthology_1985,1
Gregory Corso,PennSound,1
Gregory Corso,Dacey_Strong Measures_1986,1
Jayne Cortez,UbuWeb,1
Gerald Costanzo,Elliston,1
Gerald Costanzo,Smith_The Morrow Anthology_1985,1
Henri Coulette,Hall_New Poets of England and America_1957,1
Hart Crane,PennSound,1
Robert Creeley,Elliston,1
Robert Creeley,PennSound,1
Robert Creeley,UbuWeb,1
Robert Creeley,voca,1
Robert Creeley,Dacey_Strong Measures_1986,1
Robert Creeley,McClatchy_Contemporary American Poetry_1990,1
Victor Hernández Cruz,PennSound,1
J. V. Cunningham,Dacey_Strong Measures_1986,1
J. V. Cunningham,McClatchy_Contemporary American Poetry_1990,1
Philip Dacey,Dacey_Strong Measures_1986,1
Philip Dacey,Halpern_The New Poetry Anthology_1975,1
Beverly Dahlen,PennSound,1
Beverly Dahlen,voca,1
Maria Damon,PennSound,1
Tina Darragh,PennSound,1
Glover David,Dacey_Strong Measures_1986,1
Michael Davidson,PennSound,1
Donald Davie,Elliston,1
Donald Davie,Hall_New Poets of England and America_1957,1
Alan Davies,PennSound,1
Catherine Davis,Finch_A Formal Feeling Comes_1994,1
Catherine Davis,Hall_New Poets of England and America_1957,1
Jordan Davis,PennSound,1
Lydia Davis,PennSound,1
Lydia Davis,voca,1
Olena Kalytiak Davis,voca,1
Peter Davison,Elliston,1
Peter Davison,Dacey_Strong Measures_1986,1
Jean Day,PennSound,1
Walter De Maria,UbuWeb,1
Mónica de la Torre,PennSound,1
Mónica de la Torre,voca,1
Edwin Denby,PennSound,1
Jeff Derksen,PennSound,1
Toi Derricotte,voca,1
Babette Deutsch,PennSound,1
Thomas Devaney,PennSound,1
Christopher Dewdney,PennSound,1
W. S. Di Piero,voca,1
W. S. Di Piero,Smith_The Morrow Anthology_1985,1
James Dickey,Dacey_Strong Measures_1986,1
James Dickey,McClatchy_Contemporary American Poetry_1990,1
James Dickey,Vendler_Contemporary American Poetry_1985,1
Emily Dickinson,PennSound,1
Linh Dinh,PennSound,1
Ray DiPalma,PennSound,1
Thomas M. Disch,Dacey_Strong Measures_1986,1
Thomas M. Disch,Jarman_Rebel Angels_1996,1
Marcel Duchamp,UbuWeb,1
Stephen Dobyns,voca,1
Stephen Dobyns,Smith_The Morrow Anthology_1985,1
Owen Dodson,voca,1
Timothy Donnelly,voca,1
Stacy Doris,PennSound,1
Edward Dorn,Elliston,1
Edward Dorn,PennSound,1
Edward Dorn,UbuWeb,1
Mark Doty,Elliston,1
Mark Doty,voca,1
Keith Douglas,Hall_New Poets of England and America_1957,1
Rita Dove,Elliston,1
Rita Dove,voca,1
Rita Dove,Finch_A Formal Feeling Comes_1994,1
Rita Dove,Halpern_The New Poetry Anthology_1975,1
Rita Dove,McClatchy_Contemporary American Poetry_1990,1
Rita Dove,Smith_The Morrow Anthology_1985,1
Rita Dove,Vendler_Contemporary American Poetry_1985,1
Philip Dow,Halpern_The New Poetry Anthology_1975,1
Suzanne J. Doyle,Finch_A Formal Feeling Comes_1994,1
Lynne Dreyer,PennSound,1
Johanna Drucker,PennSound,1
Norman Dubie,voca,1
Norman Dubie,Halpern_The New Poetry Anthology_1975,1
Norman Dubie,Smith_The Morrow Anthology_1985,1
Alan Dugan,voca,1
Alan Dugan,Dacey_Strong Measures_1986,1
Denise Duhamel,Elliston,1
Robert Duncan,Elliston,1
Robert Duncan,PennSound,1
Robert Duncan,McClatchy_Contemporary American Poetry_1990,1
Stephen Dunn,Elliston,1
Stephen Dunn,voca,1
Stephen Dunn,Dacey_Strong Measures_1986,1
Stephen Dunn,Halpern_The New Poetry Anthology_1975,1
Rachel Blau DuPlessis,PennSound,1
Craig Dworkin,PennSound,1
Craig Dworkin,voca,1
Bob Dylan,UbuWeb,1
Richard Eberhart,Elliston,1
Richard Eberhart,voca,1
Richard Eberhart,Ciardi_Mid-Century American Poets_1950,1
Richard Eberhart,Elliott_Fifteen Modern American Poets_1956,1
Russell Edson,Elliston,1
Russell Edson,Halpern_The New Poetry Anthology_1975,1
Gretel Ehrlich,voca,1
Gretel Ehrlich,Smith_The Morrow Anthology_1985,1
Larry Eigner,PennSound,1
Thomas Sayers Ellis,PennSound,1
Thomas Sayers Ellis,voca,1
Kenward Elmslie,PennSound,1
Laura Elrick,PennSound,1
Lynn Emanuel,Elliston,1
Lynn Emanuel,voca,1
Lynn Emanuel,Smith_The Morrow Anthology_1985,1
John Engels,Dacey_Strong Measures_1986,1
Daniel Mark Epstein,Smith_The Morrow Anthology_1985,1
Elaine Equi,PennSound,1
Clayton Eshleman,Elliston,1
Clayton Eshleman,PennSound,1
Martín Espada,voca,1
Rhina P. Espaillat,Finch_A Formal Feeling Comes_1994,1
George Evans,Elliston,1
Peter Everwine,voca,1
Dan Farrell,PennSound,1
Julie Fay,Finch_A Formal Feeling Comes_1994,1
Frederick Feirstein,Dacey_Strong Measures_1986,1
Frederick Feirstein,Jarman_Rebel Angels_1996,1
Irving Feldman,McClatchy_Contemporary American Poetry_1990,1
Susan Feldman,Halpern_The New Poetry Anthology_1975,1
Lawrence Ferlinghetti,PennSound,1
Lawrence Ferlinghetti,voca,1
Edward Field,Elliston,1
Edward Field,voca,1
Annie Finch,Elliston,1
Annie Finch,Finch_A Formal Feeling Comes_1994,1
Donald Finkel,Hall_New Poets of England and America_1957,1
Robert Fitterman,PennSound,1
Robert Fitterman,UbuWeb,1
Nick Flynn,voca,1
Calvin Forbes,Smith_The Morrow Anthology_1985,1
Carolyn Forché,Elliston,1
Carolyn Forché,voca,1
Carolyn Forché,Halpern_The New Poetry Anthology_1975,1
Carolyn Forché,Smith_The Morrow Anthology_1985,1
Kathleen Fraser,PennSound,1
Kathleen Fraser,voca,1
Kathleen Fraser,Halpern_The New Poetry Anthology_1975,1
Benjamin Friedlander,PennSound,1
Carol Frost,Elliston,1
Joanna Fuhrman,PennSound,1
Heather Fuller,PennSound,1
Alice Fulton,Elliston,1
Alice Fulton,voca,1
Christopher Funkhouser,PennSound,1
Tess Gallagher,Elliston,1
Tess Gallagher,voca,1
Tess Gallagher,Halpern_The New Poetry Anthology_1975,1
Tess Gallagher,Smith_The Morrow Anthology_1985,1
James Galvin,voca,1
Forrest Gander,PennSound,1
Forrest Gander,voca,1
Suzanne Gardinier,voca,1
Drew Gardner,PennSound,1
Isabella Gardner,Elliston,1
Ilse Garnier,UbuWeb,1
Pierre Garnier,UbuWeb,1
George Garrett,Elliston,1
George Garrett,voca,1
George Garrett,Dacey_Strong Measures_1986,1
Jean Garrigue,McClatchy_Contemporary American Poetry_1990,1
Joan Austin Geier,Finch_A Formal Feeling Comes_1994,1
Susan Gevirtz,PennSound,1
Reginald Gibbons,voca,1
Reginald Gibbons,Smith_The Morrow Anthology_1985,1
Margaret Gibson,Smith_The Morrow Anthology_1985,1
Lawrence Giffin,PennSound,1
Christopher Gilbert,Smith_The Morrow Anthology_1985,1
Gary Gildner,Dacey_Strong Measures_1986,1
Gary Gildner,Halpern_The New Poetry Anthology_1975,1
Carmen Giménez Smith,voca,1
Madeline Gins,PennSound,1
Allen Ginsberg,Elliston,1
Allen Ginsberg,PennSound,1
Allen Ginsberg,UbuWeb,1
Allen Ginsberg,voca,1
Allen Ginsberg,Dacey_Strong Measures_1986,1
Allen Ginsberg,McClatchy_Contemporary American Poetry_1990,1
Allen Ginsberg,Vendler_Contemporary American Poetry_1985,1
Dana Gioia,Elliston,1
Dana Gioia,Jarman_Rebel Angels_1996,1
John Giorno,PennSound,1
John Giorno,UbuWeb,1
Nikki Giovanni,Elliston,1
Nikki Giovanni,voca,1
C. S. Giscombe,Elliston,1
C. S. Giscombe,PennSound,1
Peter Gizzi,voca,1
Louise Glück,Elliston,1
Louise Glück,voca,1
Louise Glück,Dacey_Strong Measures_1986,1
Louise Glück,Halpern_The New Poetry Anthology_1975,1
Louise Glück,McClatchy_Contemporary American Poetry_1990,1
Louise Glück,Smith_The Morrow Anthology_1985,1
Louise Glück,Vendler_Contemporary American Poetry_1985,1
John Godfrey,PennSound,1
Patricia Goedicke,Dacey_Strong Measures_1986,1
Albert Goldbarth,Elliston,1
Albert Goldbarth,PennSound,1
Albert Goldbarth,voca,1
Albert Goldbarth,Dacey_Strong Measures_1986,1
Albert Goldbarth,Smith_The Morrow Anthology_1985,1
Albert Goldbarth,Vendler_Contemporary American Poetry_1985,1
Judith Goldman,PennSound,1
Judith Goldman,voca,1
Kenneth Goldsmith,PennSound,1
Kenneth Goldsmith,UbuWeb,1
Kenneth Goldsmith,voca,1
Eugen Gomringer,UbuWeb,1
Rigoberto González,voca,1
Nada Gordon,PennSound,1
Sarah Gorham,Finch_A Formal Feeling Comes_1994,1
Michael Gottlieb,PennSound,1
Dan Graham,UbuWeb,1
Jorie Graham,PennSound,1
Jorie Graham,voca,1
Jorie Graham,McClatchy_Contemporary American Poetry_1990,1
Jorie Graham,Smith_The Morrow Anthology_1985,1
Jorie Graham,Vendler_Contemporary American Poetry_1985,1
K. Lorraine Graham,PennSound,1
W. S. Graham,Hall_New Poets of England and America_1957,1
Barbara L. Greenberg,Dacey_Strong Measures_1986,1
Ted Greenwald,PennSound,1
Jane Greer,Finch_A Formal Feeling Comes_1994,1
Debora Greger,Smith_The Morrow Anthology_1985,1
Linda Gregg,Elliston,1
Linda Gregg,voca,1
Linda Gregg,Halpern_The New Poetry Anthology_1975,1
Linda Gregg,Smith_The Morrow Anthology_1985,1
Robert Grenier,PennSound,1
Emily Grosholz,Finch_A Formal Feeling Comes_1994,1
Emily Grosholz,Jarman_Rebel Angels_1996,1
Barbara Guest,PennSound,1
Charles Gullans,Hall_New Poets of England and America_1957,1
Thom Gunn,Elliston,1
Thom Gunn,voca,1
Thom Gunn,Hall_New Poets of England and America_1957,1
R. S. Gwynn,Jarman_Rebel Angels_1996,1
Brion Gysin,UbuWeb,1
H.D.,PennSound,1
Marilyn Hacker,Elliston,1
Marilyn Hacker,voca,1
Marilyn Hacker,Dacey_Strong Measures_1986,1
Marilyn Hacker,Finch_A Formal Feeling Comes_1994,1
Marilyn Hacker,Halpern_The New Poetry Anthology_1975,1
Marilyn Hacker,Jarman_Rebel Angels_1996,1
Marilyn Hacker,McClatchy_Contemporary American Poetry_1990,1
Marilyn Hacker,Smith_The Morrow Anthology_1985,1
Rachel Hadas,Finch_A Formal Feeling Comes_1994,1
Rachel Hadas,Jarman_Rebel Angels_1996,1
Kimiko Hahn,voca,1
Donald Hall,Elliston,1
Donald Hall,PennSound,1
Donald Hall,voca,1
Donald Hall,Dacey_Strong Measures_1986,1
Donald Hall,Hall_New Poets of England and America_1957,1
Mark Halperin,voca,1
Mark Halperin,Dacey_Strong Measures_1986,1
Daniel Halpern,Elliston,1
Daniel Halpern,Halpern_The New Poetry Anthology_1975,1
Daniel Halpern,Smith_The Morrow Anthology_1985,1
Michael Hamburger,Hall_New Poets of England and America_1957,1
Al Hansen,UbuWeb,1
Joy Harjo,voca,1
Edward Harkness,Dacey_Strong Measures_1986,1
Michael S. Harper,Elliston,1
Michael S. Harper,voca,1
Michael S. Harper,Halpern_The New Poetry Anthology_1975,1
Michael S. Harper,McClatchy_Contemporary American Poetry_1990,1
Michael S. Harper,Vendler_Contemporary American Poetry_1985,1
William J. Harris,PennSound,1
Jim Harrison,voca,1
Jim Harrison,Halpern_The New Poetry Anthology_1975,1
Elizabeth B. Harrod,Hall_New Poets of England and America_1957,1
Carla Harryman,PennSound,1
Charles O. Hartman,Dacey_Strong Measures_1986,1
Matthea Harvey,voca,1
Robert Hass,voca,1
Robert Hass,Halpern_The New Poetry Anthology_1975,1
Robert Hass,McClatchy_Contemporary American Poetry_1990,1
Robert Hass,Smith_The Morrow Anthology_1985,1
William Hathaway,Elliston,1
William Hathaway,Dacey_Strong Measures_1986,1
Vaclav Havel,UbuWeb,1
Robert Hayden,Dacey_Strong Measures_1986,1
Robert Hayden,McClatchy_Contemporary American Poetry_1990,1
Robert Hayden,Vendler_Contemporary American Poetry_1985,1
Terrance Hayes,Elliston,1
Terrance Hayes,voca,1
Seamus Heaney,Elliston,1
Seamus Heaney,voca,1
John Heath-Stubbs,Hall_New Poets of England and America_1957,1
Anthony Hecht,Dacey_Strong Measures_1986,1
Anthony Hecht,Hall_New Poets of England and America_1957,1
Anthony Hecht,McClatchy_Contemporary American Poetry_1990,1
Allison Adelle Hedge Coke,voca,1
Michael Heffernan,Dacey_Strong Measures_1986,1
Lyn Hejinian,Elliston,1
Lyn Hejinian,PennSound,1
Judith Hemschemeyer,Dacey_Strong Measures_1986,1
William Heyen,Dacey_Strong Measures_1986,1
William Heyen,Halpern_The New Poetry Anthology_1975,1
William Heyen,Smith_The Morrow Anthology_1985,1
Bob Hicok,Elliston,1
Dick Higgins,UbuWeb,1
Mitch Highfill,PennSound,1
Geoffrey Hill,Hall_New Poets of England and America_1957,1
Brenda Hillman,Elliston,1
Brenda Hillman,voca,1
Edward Hirsch,Dacey_Strong Measures_1986,1
Edward Hirsch,McClatchy_Contemporary American Poetry_1990,1
Edward Hirsch,Smith_The Morrow Anthology_1985,1
Åke Hodell,UbuWeb,1
Daniel Hoffman,Elliston,1
Daniel Hoffman,Dacey_Strong Measures_1986,1
Linda Hogan,voca,1
Jonathan Holden,Smith_The Morrow Anthology_1985,1
John Hollander,Elliston,1
John Hollander,Dacey_Strong Measures_1986,1
John Hollander,Hall_New Poets of England and America_1957,1
John Hollander,McClatchy_Contemporary American Poetry_1990,1
Anselm Hollo,PennSound,1
John Holloway,Hall_New Poets of England and America_1957,1
John Holmes,Ciardi_Mid-Century American Poets_1950,1
Cathy Park Hong,voca,1
Garrett Kaoru Hongo,Elliston,1
Garrett Kaoru Hongo,voca,1
Garrett Kaoru Hongo,Smith_The Morrow Anthology_1985,1
Paul Hoover,PennSound,1
David Brendan Hopes,Dacey_Strong Measures_1986,1
Ben Howard,Dacey_Strong Measures_1986,1
Richard Howard,Elliston,1
Richard Howard,voca,1
Richard Howard,Dacey_Strong Measures_1986,1
Richard Howard,McClatchy_Contemporary American Poetry_1990,1
Fanny Howe,PennSound,1
Fanny Howe,voca,1
Susan Howe,PennSound,1
Barbara Howes,Dacey_Strong Measures_1986,1
Andrew Hudgins,Elliston,1
Andrew Hudgins,Jarman_Rebel Angels_1996,1
Yunte Huang,PennSound,1
Robert Huff,Dacey_Strong Measures_1986,1
Langston Hughes,Vendler_Contemporary American Poetry_1985,1
Richard Hugo,Elliston,1
Richard Hugo,voca,1
Richard Hugo,Dacey_Strong Measures_1986,1
Richard Hugo,McClatchy_Contemporary American Poetry_1990,1
Christine Hume,voca,1
T. R. Hummer,Elliston,1
T. R. Hummer,Dacey_Strong Measures_1986,1
T. R. Hummer,Smith_The Morrow Anthology_1985,1
Erica Hunt,PennSound,1
David Ignatow,Elliston,1
David Ignatow,voca,1
Lawson Fusao Inada,voca,1
Lawson Fusao Inada,Halpern_The New Poetry Anthology_1975,1
P. Inman (Peter Inman),PennSound,1
Kenneth Irby,PennSound,1
Josephine Jacobsen,Dacey_Strong Measures_1986,1
Josephine Jacobsen,Finch_A Formal Feeling Comes_1994,1
Peter Jaeger,PennSound,1
Elizabeth James,UbuWeb,1
Thomas James,Dacey_Strong Measures_1986,1
Thomas James,Halpern_The New Poetry Anthology_1975,1
Ernst Jandl,UbuWeb,1
Mark Jarman,Elliston,1
Lisa Jarnot,PennSound,1
Randall Jarrell,Elliston,1
Randall Jarrell,Ciardi_Mid-Century American Poets_1950,1
Randall Jarrell,Dacey_Strong Measures_1986,1
Randall Jarrell,Elliott_Fifteen Modern American Poets_1956,1
Randall Jarrell,McClatchy_Contemporary American Poetry_1990,1
Randall Jarrell,Vendler_Contemporary American Poetry_1985,1
Elizabeth Jennings,Hall_New Poets of England and America_1957,1
Laura Jensen,Elliston,1
Laura Jensen,Halpern_The New Poetry Anthology_1975,1
Judson Jerome,Dacey_Strong Measures_1986,1
Denis Johnson,voca,1
Denis Johnson,Dacey_Strong Measures_1986,1
Denis Johnson,Smith_The Morrow Anthology_1985,1
Don Johnson,Smith_The Morrow Anthology_1985,1
James Weldon Johnson,PennSound,1
"Raymond Edward ""Ray"" Johnson",UbuWeb,1
Ronald Johnson,PennSound,1
Rodney Jones,Elliston,1
Rodney Jones,voca,1
Rodney Jones,Smith_The Morrow Anthology_1985,1
Erica Jong,Halpern_The New Poetry Anthology_1975,1
Erica Jong,Smith_The Morrow Anthology_1985,1
A. Van Jordan,voca,1
June Jordan,PennSound,1
June Jordan,Dacey_Strong Measures_1986,1
Andrew Joron,PennSound,1
Andrew Joron,voca,1
Allison Joseph,Elliston,1
Donald Justice,Elliston,1
Donald Justice,voca,1
Donald Justice,Dacey_Strong Measures_1986,1
Donald Justice,Hall_New Poets of England and America_1957,1
Donald Justice,McClatchy_Contemporary American Poetry_1990,1
Ilya Kaminsky,voca,1
Bhanu Kapil,PennSound,1
Bhanu Kapil,voca,1
Laura Kasischke,voca,1
Joy Katz,Elliston,1
Ellen de Young Kay,Hall_New Poets of England and America_1957,1
Richard Katrovas,voca,1
Richard Katrovas,Dacey_Strong Measures_1986,1
Claudia Keelan,Elliston,1
Greg Keeler,Dacey_Strong Measures_1986,1
Weldon Kees,Dacey_Strong Measures_1986,1
Lenore Keeshit-Tobias,Finch_A Formal Feeling Comes_1994,1
Robert Kelly,PennSound,1
Dolores Kendrick,voca,1
Dolores Kendrick,Finch_A Formal Feeling Comes_1994,1
X. J. Kennedy,Elliston,1
X. J. Kennedy,voca,1
X. J. Kennedy,Dacey_Strong Measures_1986,1
Jane Kenyon,Finch_A Formal Feeling Comes_1994,1
Jack Kerouac,UbuWeb,1
Faye Kicknosway,voca,1
Myung Mi Kim,PennSound,1
Suji Kwock Kim,voca,1
Galway Kinnell,Elliston,1
Galway Kinnell,Dacey_Strong Measures_1986,1
Galway Kinnell,McClatchy_Contemporary American Poetry_1990,1
Thomas Kinsella,voca,1
Mary Kinzie,Finch_A Formal Feeling Comes_1994,1
Carolyn Kizer,Elliston,1
Carolyn Kizer,voca,1
Carolyn Kizer,Finch_A Formal Feeling Comes_1994,1
Carolyn Kizer,McClatchy_Contemporary American Poetry_1990,1
Peter Klappert,Dacey_Strong Measures_1986,1
Peter Klappert,Halpern_The New Poetry Anthology_1975,1
August Kleinzahler,voca,1
Etheridge Knight,Elliston,1
Etheridge Knight,PennSound,1
Etheridge Knight,Dacey_Strong Measures_1986,1
Bill Knott (Saint Geraud),Elliston,1
Bill Knott (Saint Geraud),voca,1
Christopher Knowles,UbuWeb,1
Caroline Knox,Elliston,1
Kenneth Koch,Elliston,1
Kenneth Koch,PennSound,1
Kenneth Koch,voca,1
Rodney Koeneke,PennSound,1
Phyllis Koestenbaum,Finch_A Formal Feeling Comes_1994,1
Sybil Kollar,Finch_A Formal Feeling Comes_1994,1
Yusef Komunyakaa,Elliston,1
Yusef Komunyakaa,PennSound,1
Yusef Komunyakaa,voca,1
Yusef Komunyakaa,Smith_The Morrow Anthology_1985,1
Ted Kooser,Elliston,1
Ted Kooser,Dacey_Strong Measures_1986,1
Aaron Kramer,PennSound,1
Judith Kroll,Dacey_Strong Measures_1986,1
Judith Kroll,Halpern_The New Poetry Anthology_1975,1
Maxine Kumin,Elliston,1
Maxine Kumin,voca,1
Maxine Kumin,Dacey_Strong Measures_1986,1
Maxine Kumin,Finch_A Formal Feeling Comes_1994,1
Stanley Kunitz,Dacey_Strong Measures_1986,1
Greg Kuzma,voca,1
Greg Kuzma,Halpern_The New Poetry Anthology_1975,1
Joanne Kyger,PennSound,1
Melvin Walker La Follette,Hall_New Poets of England and America_1957,1
Joan LaBombard,Dacey_Strong Measures_1986,1
Philip Lamantia,PennSound,1
Joseph Langland,Dacey_Strong Measures_1986,1
Joseph Langland,Hall_New Poets of England and America_1957,1
Philip Larkin,Hall_New Poets of England and America_1957,1
Paul Lake,Jarman_Rebel Angels_1996,1
James Laughlin,voca,1
Ann Lauterbach,PennSound,1
Ann Lauterbach,voca,1
Robert Layzer,Hall_New Poets of England and America_1957,1
Sydney Lea,Dacey_Strong Measures_1986,1
Sydney Lea,Jarman_Rebel Angels_1996,1
Sydney Lea,Smith_The Morrow Anthology_1985,1
Joseph Lease,PennSound,1
Al Lee,Dacey_Strong Measures_1986,1
Al Lee,Halpern_The New Poetry Anthology_1975,1
Li-Young Lee,voca,1
Barbara Lefcowitz,Dacey_Strong Measures_1986,1
David Lehman,Elliston,1
David Lehman,Dacey_Strong Measures_1986,1
Leevi Lehto,PennSound,1
Brad Leithauser,Dacey_Strong Measures_1986,1
Brad Leithauser,Jarman_Rebel Angels_1996,1
Brad Leithauser,Smith_The Morrow Anthology_1985,1
Ben Lerner,PennSound,1
Ben Lerner,voca,1
Rika Lesser,Elliston,1
Rika Lesser,Smith_The Morrow Anthology_1985,1
Denise Levertov,Elliston,1
Denise Levertov,voca,1
Denise Levertov,Dacey_Strong Measures_1986,1
Denise Levertov,McClatchy_Contemporary American Poetry_1990,1
Dana Levin,Elliston,1
Dana Levin,voca,1
Phillis Levin,Finch_A Formal Feeling Comes_1994,1
Phillis Levin,Jarman_Rebel Angels_1996,1
Philip Levine,Elliston,1
Philip Levine,voca,1
Philip Levine,Dacey_Strong Measures_1986,1
Philip Levine,McClatchy_Contemporary American Poetry_1990,1
Fred Levinson,Halpern_The New Poetry Anthology_1975,1
Larry Levis,Elliston,1
Larry Levis,Halpern_The New Poetry Anthology_1975,1
Larry Levis,Smith_The Morrow Anthology_1985,1
Janet Lewis,Finch_A Formal Feeling Comes_1994,1
Elizabeth Libbey,Elliston,1
Elizabeth Libbey,voca,1
Elizabeth Libbey,Halpern_The New Poetry Anthology_1975,1
Tan Lin,PennSound,1
Tan Lin,voca,1
Timothy Liu,voca,1
John Logan,voca,1
John Logan,Dacey_Strong Measures_1986,1
William Logan,Elliston,1
William Logan,Dacey_Strong Measures_1986,1
William Logan,Smith_The Morrow Anthology_1985,1
Arrigo Lora-Totino,UbuWeb,1
Audre Lorde,McClatchy_Contemporary American Poetry_1990,1
Robert Lowell,Elliston,1
Robert Lowell,PennSound,1
Robert Lowell,Ciardi_Mid-Century American Poets_1950,1
Robert Lowell,Dacey_Strong Measures_1986,1
Robert Lowell,Elliott_Fifteen Modern American Poets_1956,1
Robert Lowell,Hall_New Poets of England and America_1957,1
Robert Lowell,McClatchy_Contemporary American Poetry_1990,1
Robert Lowell,Vendler_Contemporary American Poetry_1985,1
Susan Ludvigson,Smith_The Morrow Anthology_1985,1
Thomas Lux,Elliston,1
Thomas Lux,voca,1
Thomas Lux,Dacey_Strong Measures_1986,1
Thomas Lux,Halpern_The New Poetry Anthology_1975,1
Karen Mac Cormack,PennSound,1
Jackson Mac Low,PennSound,1
Jackson Mac Low,UbuWeb,1
Cynthia MacDonald,Elliston,1
Cynthia MacDonald,voca,1
Nathaniel Mackey,PennSound,1
Nathaniel Mackey,voca,1
Michael Magee,PennSound,1
Gerald Malanga,UbuWeb,1
Donato Mancini,PennSound,1
Tom Mandel,PennSound,1
Maurice Manning,Elliston,1
Paul Mariani,Smith_The Morrow Anthology_1985,1
Charles Martin,Dacey_Strong Measures_1986,1
Charles Martin,Jarman_Rebel Angels_1996,1
Valerie Martínez,voca,1
David Mason,Elliston,1
William Matchett,Hall_New Poets of England and America_1957,1
Harry Mathews,PennSound,1
Cleopatra Mathis,Elliston,1
Cleopatra Mathis,Smith_The Morrow Anthology_1985,1
Khaled Mattawa,voca,1
William Matthews,voca,1
William Matthews,Halpern_The New Poetry Anthology_1975,1
William Matthews,Smith_The Morrow Anthology_1985,1
Bernadette Mayer,PennSound,1
Bernadette Mayer,UbuWeb,1
Hansjörg Mayer,UbuWeb,1
E. L. Mayo,Ciardi_Mid-Century American Poets_1950,1
Mekeel McBride,Dacey_Strong Measures_1986,1
Mekeel McBride,Smith_The Morrow Anthology_1985,1
Angela McCabe,Halpern_The New Poetry Anthology_1975,1
Steve McCaffery,PennSound,1
Steve McCaffery,UbuWeb,1
Michael McClure,PennSound,1
Howard McCord,Elliston,1
David McElroy,Halpern_The New Poetry Anthology_1975,1
Thomas McGrath,Dacey_Strong Measures_1986,1
Thomas McGrath,Hall_New Poets of England and America_1957,1
Medbh McGuckian,voca,1
Heather McHugh,Elliston,1
Heather McHugh,voca,1
Heather McHugh,Halpern_The New Poetry Anthology_1975,1
Heather McHugh,Smith_The Morrow Anthology_1985,1
Stephen McLaughlin,UbuWeb,1
James McMichael,Halpern_The New Poetry Anthology_1975,1
Mark McMorris,PennSound,1
Sandra McPherson,Elliston,1
Sandra McPherson,voca,1
Sandra McPherson,Dacey_Strong Measures_1986,1
Sandra McPherson,Halpern_The New Poetry Anthology_1975,1
Sandra McPherson,McClatchy_Contemporary American Poetry_1990,1
Sandra McPherson,Smith_The Morrow Anthology_1985,1
Joyelle McSweeney,voca,1
Peter Meinke,Dacey_Strong Measures_1986,1
David Meltzer,PennSound,1
William Meredith,Dacey_Strong Measures_1986,1
William Meredith,Hall_New Poets of England and America_1957,1
William Meredith,McClatchy_Contemporary American Poetry_1990,1
James Merrill,voca,1
James Merrill,Dacey_Strong Measures_1986,1
James Merrill,Hall_New Poets of England and America_1957,1
James Merrill,McClatchy_Contemporary American Poetry_1990,1
James Merrill,Vendler_Contemporary American Poetry_1985,1
W. S. Merwin,Elliston,1
W. S. Merwin,voca,1
W. S. Merwin,Dacey_Strong Measures_1986,1
W. S. Merwin,Hall_New Poets of England and America_1957,1
W. S. Merwin,McClatchy_Contemporary American Poetry_1990,1
W. S. Merwin,Vendler_Contemporary American Poetry_1985,1
Sharon Mesmer,PennSound,1
Douglas Messerli,PennSound,1
Robert Mezey,Elliston,1
Robert Mezey,voca,1
Robert Mezey,Dacey_Strong Measures_1986,1
Robert Mezey,Hall_New Poets of England and America_1957,1
Robert Mezey,Halpern_The New Poetry Anthology_1975,1
Josephine Miles,Elliott_Fifteen Modern American Poets_1956,1
Edna St. Vincent Millay,PennSound,1
Jane Miller,voca,1
Jane Miller,Dacey_Strong Measures_1986,1
Vassar Miller,Dacey_Strong Measures_1986,1
Vassar Miller,Finch_A Formal Feeling Comes_1994,1
Vassar Miller,Hall_New Poets of England and America_1957,1
Carol Mirakove,PennSound,1
Gary Miranda,Dacey_Strong Measures_1986,1
Judith Moffett,Dacey_Strong Measures_1986,1
K. Silem Mohammad,PennSound,1
N. Scott Momaday,voca,1
N. Scott Momaday,Dacey_Strong Measures_1986,1
Franz Mon,UbuWeb,1
Paul Monette,Halpern_The New Poetry Anthology_1975,1
Leslie Monsour,Finch_A Formal Feeling Comes_1994,1
Honor Moore,Finch_A Formal Feeling Comes_1994,1
Richard Moore,Dacey_Strong Measures_1986,1
Cherríe Moraga,voca,1
Robert Morgan,Dacey_Strong Measures_1986,1
Robert Morgan,Smith_The Morrow Anthology_1985,1
Laura Moriarty,PennSound,1
Hilda Morley,PennSound,1
Tracie Morris,PennSound,1
Tracie Morris,UbuWeb,1
Tracie Morris,voca,1
Rusty Morrison,voca,1
Howard Moss,voca,1
Howard Moss,Dacey_Strong Measures_1986,1
Howard Moss,Hall_New Poets of England and America_1957,1
Howard Moss,McClatchy_Contemporary American Poetry_1990,1
Stanley Moss,Dacey_Strong Measures_1986,1
Fred Moten,PennSound,1
Fred Moten,voca,1
Erin Mouré,PennSound,1
Jennifer Moxley,PennSound,1
Lisel Mueller,voca,1
Paul Muldoon,voca,1
Harryette Mullen,voca,1
Laura Mullen,PennSound,1
Laura Mullen,voca,1
G. E. Murray,Smith_The Morrow Anthology_1985,1
Les Murray,voca,1
Carol Muske-Dukes,Elliston,1
Carol Muske-Dukes,Halpern_The New Poetry Anthology_1975,1
Jack Myers,Halpern_The New Poetry Anthology_1975,1
Eileen Myles,PennSound,1
Maurizio Nannucci,UbuWeb,1
Melanie Neilson,PennSound,1
Melanie Neilson,voca,1
Maggie Nelson,PennSound,1
Marilyn Nelson,Elliston,1
Marilyn Nelson,Jarman_Rebel Angels_1996,1
Howard Nemerov,Dacey_Strong Measures_1986,1
Howard Nemerov,Elliott_Fifteen Modern American Poets_1956,1
Howard Nemerov,Hall_New Poets of England and America_1957,1
Howard Nemerov,McClatchy_Contemporary American Poetry_1990,1
Howard Nemerov,Vendler_Contemporary American Poetry_1985,1
bpNichol (Barrie Phillip Nichol),PennSound,1
bpNichol (Barrie Phillip Nichol),UbuWeb,1
Lorine Niedecker,PennSound,1
Seiichi Niikuni,UbuWeb,1
John Frederick Nims,voca,1
John Frederick Nims,Ciardi_Mid-Century American Poets_1950,1
John Frederick Nims,Dacey_Strong Measures_1986,1
Suzanne Noguere,Finch_A Formal Feeling Comes_1994,1
Eiríkur Örn Norðdahl,PennSound,1
Eiríkur Örn Norðdahl,UbuWeb,1
Charles North,PennSound,1
Alice Notley,PennSound,1
Alice Notley,voca,1
Ladislav Novák,UbuWeb,1
Mark Nowak,PennSound,1
Naomi Shihab Nye,Elliston,1
Naomi Shihab Nye,voca,1
Naomi Shihab Nye,Smith_The Morrow Anthology_1985,1
Frank O'Hara,Dacey_Strong Measures_1986,1
Frank O'Hara,McClatchy_Contemporary American Poetry_1990,1
Frank O'Hara,Vendler_Contemporary American Poetry_1985,1
Sharon Olds,Elliston,1
Sharon Olds,voca,1
Sharon Olds,Smith_The Morrow Anthology_1985,1
Carole Oles,Dacey_Strong Measures_1986,1
Mary Oliver,Elliston,1
Redell Olsen,PennSound,1
Charles Olson,PennSound,1
Charles Olson,McClatchy_Contemporary American Poetry_1990,1
Yoko Ono,UbuWeb,1
George Oppen,PennSound,1
Steve Orlen,Elliston,1
Steve Orlen,voca,1
Steve Orlen,Smith_The Morrow Anthology_1985,1
Gregory Orr,Elliston,1
Gregory Orr,PennSound,1
Gregory Orr,Halpern_The New Poetry Anthology_1975,1
Gregory Orr,Smith_The Morrow Anthology_1985,1
Simon J. Ortiz,voca,1
Simon J. Ortiz,Smith_The Morrow Anthology_1985,1
Maggie O'Sullivan,PennSound,1
Maureen Owen,PennSound,1
Rochelle Owens,PennSound,1
Robert Pack,voca,1
Robert Pack,Dacey_Strong Measures_1986,1
Robert Pack,Hall_New Poets of England and America_1957,1
Ron Padgett,PennSound,1
Nam June Paik,UbuWeb,1
Grace Paley,voca,1
Michael Palmer,Elliston,1
Michael Palmer,PennSound,1
Michael Palmer,voca,1
Greg Pape,voca,1
Greg Pape,Halpern_The New Poetry Anthology_1975,1
Greg Pape,Smith_The Morrow Anthology_1985,1
Jay Parini,Smith_The Morrow Anthology_1985,1
Elsie Paschen,Finch_A Formal Feeling Comes_1994,1
Linda Pastan,Elliston,1
Linda Pastan,voca,1
Kenneth Patchen,UbuWeb,1
Julie Patton,PennSound,1
Julie Patton,voca,1
Molly Peacock,Elliston,1
Molly Peacock,Dacey_Strong Measures_1986,1
Molly Peacock,Finch_A Formal Feeling Comes_1994,1
Molly Peacock,Jarman_Rebel Angels_1996,1
Molly Peacock,Smith_The Morrow Anthology_1985,1
John Peck,Dacey_Strong Measures_1986,1
John Peck,Halpern_The New Poetry Anthology_1975,1
Georges Perec,UbuWeb,1
Bob Perelman,PennSound,1
Bob Perelman,voca,1
Craig Santos Perez,PennSound,1
Craig Santos Perez,voca,1
John Perreault,UbuWeb,1
Michael Pettit,Smith_The Morrow Anthology_1985,1
M. Nourbese Philip,PennSound,1
Marge Piercy,Elliston,1
Helen Pinkerton,Finch_A Formal Feeling Comes_1994,1
Robert Pinsky,Elliston,1
Robert Pinsky,voca,1
Robert Pinsky,Dacey_Strong Measures_1986,1
Robert Pinsky,McClatchy_Contemporary American Poetry_1990,1
Robert Pinsky,Smith_The Morrow Anthology_1985,1
Robert Pinsky,Vendler_Contemporary American Poetry_1985,1
Nick Piombino,PennSound,1
Vanessa Place,PennSound,1
Vanessa Place,voca,1
Sylvia Plath,Dacey_Strong Measures_1986,1
Sylvia Plath,McClatchy_Contemporary American Poetry_1990,1
Sylvia Plath,Vendler_Contemporary American Poetry_1985,1
Stanley Plumly,Dacey_Strong Measures_1986,1
Stanley Plumly,Halpern_The New Poetry Anthology_1975,1
Hyam Plutzik,Elliott_Fifteen Modern American Poets_1956,1
Katha Pollitt,Elliston,1
Katha Pollitt,Dacey_Strong Measures_1986,1
Katha Pollitt,Smith_The Morrow Anthology_1985,1
Bern Porter,UbuWeb,1
Ezra Pound,PennSound,1
Ezra Pound,UbuWeb,1
D. A. Powell,voca,1
Larry Price,PennSound,1
Wyatt Prunty,Elliston,1
Wyatt Prunty,Jarman_Rebel Angels_1996,1
Raymond Queneau,UbuWeb,1
Lawrence Raab,voca,1
Lawrence Raab,Halpern_The New Poetry Anthology_1975,1
Thomas Rabbitt,Smith_The Morrow Anthology_1985,1
Carl Rakosi,PennSound,1
A. K. Ramanujan,voca,1
Bin Ramke,Smith_The Morrow Anthology_1985,1
Dudley Randall,Dacey_Strong Measures_1986,1
Paula Rankin,Smith_The Morrow Anthology_1985,1
Claudia Rankine,PennSound,1
Claudia Rankine,voca,1
Stephen Ratcliffe,PennSound,1
Tom Raworth,PennSound,1
David Ray,voca,1
David Ray,Dacey_Strong Measures_1986,1
Srikanth Reddy,voca,1
Ishmael Reed,Elliston,1
Ishmael Reed,voca,1
Alastair Reid,Elliston,1
Alastair Reid,Hall_New Poets of England and America_1957,1
Ariana Reines,PennSound,1
Ariana Reines,voca,1
James Reiss,Elliston,1
James Reiss,Halpern_The New Poetry Anthology_1975,1
Naomi Replansky,PennSound,1
Joan Retallack,PennSound,1
Donald Revell,Elliston,1
Donald Revell,Dacey_Strong Measures_1986,1
Charles Reznikoff,PennSound,1
Adrienne Rich,Elliston,1
Adrienne Rich,PennSound,1
Adrienne Rich,voca,1
Adrienne Rich,Dacey_Strong Measures_1986,1
Adrienne Rich,Hall_New Poets of England and America_1957,1
Adrienne Rich,McClatchy_Contemporary American Poetry_1990,1
Adrienne Rich,Vendler_Contemporary American Poetry_1985,1
Deborah Richards,PennSound,1
John Ridland,Dacey_Strong Measures_1986,1
Alberto Álvaro Ríos,voca,1
Alberto Álvaro Ríos,Dacey_Strong Measures_1986,1
Alberto Álvaro Ríos,Smith_The Morrow Anthology_1985,1
Ed Roberson,PennSound,1
Lisa Robertson,PennSound,1
Elizabeth Robinson,PennSound,1
Kit Robinson,PennSound,1
Stephen Rodefer,PennSound,1
Theodore Roethke,Ciardi_Mid-Century American Poets_1950,1
Theodore Roethke,Dacey_Strong Measures_1986,1
Theodore Roethke,Elliott_Fifteen Modern American Poets_1956,1
Theodore Roethke,McClatchy_Contemporary American Poetry_1990,1
Theodore Roethke,Vendler_Contemporary American Poetry_1985,1
Pattiann Rogers,voca,1
Pattiann Rogers,Smith_The Morrow Anthology_1985,1
Matthew Rohrer,PennSound,1
William Pitt Root,voca,1
William Pitt Root,Dacey_Strong Measures_1986,1
William Pitt Root,Smith_The Morrow Anthology_1985,1
Raymond Roseliep,Dacey_Strong Measures_1986,1
Kenneth Rosen,Halpern_The New Poetry Anthology_1975,1
Michael J. Rosen,Elliston,1
Kim Rosenfield,PennSound,1
Dieter Roth,UbuWeb,1
Jerome Rothenberg,PennSound,1
Jerome Rothenberg,UbuWeb,1
Jerome Rothenberg,voca,1
Gibbons Ruark,Dacey_Strong Measures_1986,1
Gibbons Ruark,Smith_The Morrow Anthology_1985,1
Mary Ruefle,Elliston,1
Mary Ruefle,voca,1
Gerhard Rühm,UbuWeb,1
Muriel Rukeyser,PennSound,1
Muriel Rukeyser,Ciardi_Mid-Century American Poets_1950,1
Muriel Rukeyser,Dacey_Strong Measures_1986,1
Muriel Rukeyser,Elliott_Fifteen Modern American Poets_1956,1
Michael Ryan,Elliston,1
Michael Ryan,voca,1
Michael Ryan,Dacey_Strong Measures_1986,1
Michael Ryan,Halpern_The New Poetry Anthology_1975,1
Michael Ryan,Smith_The Morrow Anthology_1985,1
Ira Sadoff,voca,1
Ira Sadoff,Halpern_The New Poetry Anthology_1975,1
Mary Jo Salter,Finch_A Formal Feeling Comes_1994,1
Mary Jo Salter,Jarman_Rebel Angels_1996,1
Lisa Samuels,PennSound,1
Sonia Sanchez,Elliston,1
Sonia Sanchez,Finch_A Formal Feeling Comes_1994,1
Kaia Sand,PennSound,1
Sherod Santos,Elliston,1
Sherod Santos,Dacey_Strong Measures_1986,1
Sherod Santos,Smith_The Morrow Anthology_1985,1
Aram Saroyan,UbuWeb,1
May Sarton,Dacey_Strong Measures_1986,1
May Sarton,Finch_A Formal Feeling Comes_1994,1
Leslie Scalapino,PennSound,1
Leslie Scalapino,voca,1
Susan Fromberg Schaeffer,voca,1
Roy Scheele,Dacey_Strong Measures_1986,1
James Schevill,Elliott_Fifteen Modern American Poets_1956,1
Dennis Schmitz,Halpern_The New Poetry Anthology_1975,1
Gjertrud Schnackenberg,Elliston,1
Gjertrud Schnackenberg,Dacey_Strong Measures_1986,1
Gjertrud Schnackenberg,McClatchy_Contemporary American Poetry_1990,1
Philip Schultz,voca,1
Philip Schultz,Smith_The Morrow Anthology_1985,1
Susan M. Schultz,PennSound,1
James Schuyler,PennSound,1
James Schuyler,McClatchy_Contemporary American Poetry_1990,1
Delmore Schwartz,Ciardi_Mid-Century American Poets_1950,1
Delmore Schwartz,Elliott_Fifteen Modern American Poets_1956,1
Gail Scott,PennSound,1
Winfield Townley Scott,Ciardi_Mid-Century American Poets_1950,1
Winfield Townley Scott,Elliott_Fifteen Modern American Poets_1956,1
Maureen Seaton,Finch_A Formal Feeling Comes_1994,1
Peter Seaton,PennSound,1
Hugh Seidman,Halpern_The New Poetry Anthology_1975,1
Anne Sexton,Dacey_Strong Measures_1986,1
Anne Sexton,McClatchy_Contemporary American Poetry_1990,1
Anne Sexton,Vendler_Contemporary American Poetry_1985,1
Alan Shapiro,Elliston,1
Alan Shapiro,voca,1
David Shapiro,PennSound,1
Karl Shapiro,Elliston,1
Karl Shapiro,Ciardi_Mid-Century American Poets_1950,1
Karl Shapiro,Dacey_Strong Measures_1986,1
Karl Shapiro,Elliott_Fifteen Modern American Poets_1956,1
Brenda Shaughnessy,Elliston,1
Brenda Shaughnessy,voca,1
James Sherry,PennSound,1
Judith Johnson Sherwin,Dacey_Strong Measures_1986,1
Aaron Shurin,PennSound,1
Eleni Sikelianos,PennSound,1
Eleni Sikelianos,voca,1
Richard Siken,voca,1
Jon Silkin,Elliston,1
Jon Silkin,voca,1
Jon Silkin,Hall_New Poets of England and America_1957,1
Leslie Marmon Silko,voca,1
Ron Silliman,PennSound,1
Ron Silliman,voca,1
Charles Simic,Elliston,1
Charles Simic,PennSound,1
Charles Simic,voca,1
Charles Simic,Halpern_The New Poetry Anthology_1975,1
Charles Simic,McClatchy_Contemporary American Poetry_1990,1
Charles Simic,Vendler_Contemporary American Poetry_1985,1
Maurya Simon,voca,1
Leslie Simon,Finch_A Formal Feeling Comes_1994,1
Louis Simpson,Elliston,1
Louis Simpson,Dacey_Strong Measures_1986,1
Louis Simpson,Hall_New Poets of England and America_1957,1
L. E. Sissman,Dacey_Strong Measures_1986,1
Knute Skinner,Dacey_Strong Measures_1986,1
Floyd Skloot,Dacey_Strong Measures_1986,1
David R. Slavitt,Dacey_Strong Measures_1986,1
Patricia Smith,voca,1
Dave Smith,Elliston,1
Dave Smith,voca,1
Dave Smith,Dacey_Strong Measures_1986,1
Dave Smith,McClatchy_Contemporary American Poetry_1990,1
Dave Smith,Smith_The Morrow Anthology_1985,1
Dave Smith,Vendler_Contemporary American Poetry_1985,1
Rod Smith,PennSound,1
Tracy K. Smith,Elliston,1
William Jay Smith,Hall_New Poets of England and America_1957,1
W. D. Snodgrass,Elliston,1
W. D. Snodgrass,voca,1
W. D. Snodgrass,Dacey_Strong Measures_1986,1
W. D. Snodgrass,Hall_New Poets of England and America_1957,1
W. D. Snodgrass,McClatchy_Contemporary American Poetry_1990,1
Gary Snyder,Elliston,1
Gary Snyder,voca,1
Gary Snyder,Dacey_Strong Measures_1986,1
Gary Snyder,McClatchy_Contemporary American Poetry_1990,1
Gary Snyder,Vendler_Contemporary American Poetry_1985,1
Gustaf Sobin,voca,1
Cathy Song,Smith_The Morrow Anthology_1985,1
Gary Soto,Elliston,1
Gary Soto,voca,1
Gary Soto,Smith_The Morrow Anthology_1985,1
Marcia Southwick,voca,1
Marcia Southwick,Smith_The Morrow Anthology_1985,1
Barry Spacks,Dacey_Strong Measures_1986,1
Juliana Spahr,PennSound,1
Juliana Spahr,voca,1
Adriano Spatola,UbuWeb,1
Roberta Spear,Halpern_The New Poetry Anthology_1975,1
Roberta Spear,Smith_The Morrow Anthology_1985,1
Jack Spicer,PennSound,1
Jack Spicer,UbuWeb,1
Elizabeth Spires,Elliston,1
Elizabeth Spires,Finch_A Formal Feeling Comes_1994,1
Elizabeth Spires,Smith_The Morrow Anthology_1985,1
Kathleen Spivack,Halpern_The New Poetry Anthology_1975,1
David St. John,Elliston,1
David St. John,Dacey_Strong Measures_1986,1
David St. John,Halpern_The New Poetry Anthology_1975,1
David St. John,Smith_The Morrow Anthology_1985,1
William Stafford,Elliston,1
William Stafford,voca,1
William Stafford,Dacey_Strong Measures_1986,1
Maura Stanton,Elliston,1
Maura Stanton,voca,1
Maura Stanton,Dacey_Strong Measures_1986,1
Maura Stanton,Finch_A Formal Feeling Comes_1994,1
Maura Stanton,Halpern_The New Poetry Anthology_1975,1
Maura Stanton,Smith_The Morrow Anthology_1985,1
George Starbuck,Dacey_Strong Measures_1986,1
Timothy Steele,Dacey_Strong Measures_1986,1
Timothy Steele,Jarman_Rebel Angels_1996,1
Brian Kim Stefans,PennSound,1
Gertrude Stein,UbuWeb,1
Barry Sternlieb,Dacey_Strong Measures_1986,1
Wallace Stevens,PennSound,1
Wallace Stevens,Vendler_Contemporary American Poetry_1985,1
Anne Stevenson,Elliston,1
Susan Stewart,PennSound,1
Terry Stokes,Elliston,1
Terry Stokes,Halpern_The New Poetry Anthology_1975,1
Leon Stokesbury,Dacey_Strong Measures_1986,1
Leon Stokesbury,Smith_The Morrow Anthology_1985,1
Patricia Storace,Finch_A Formal Feeling Comes_1994,1
Ruth Stone,voca,1
Mark Strand,Elliston,1
Mark Strand,voca,1
Mark Strand,Dacey_Strong Measures_1986,1
Mark Strand,McClatchy_Contemporary American Poetry_1990,1
Mark Strand,Vendler_Contemporary American Poetry_1985,1
Dabney Stuart,Dacey_Strong Measures_1986,1
Gary Sullivan,PennSound,1
Barton Sutter,Dacey_Strong Measures_1986,1
Brian Swann,Halpern_The New Poetry Anthology_1975,1
Cole Swensen,PennSound,1
Cole Swensen,voca,1
May Swenson,voca,1
May Swenson,Dacey_Strong Measures_1986,1
May Swenson,Hall_New Poets of England and America_1957,1
May Swenson,McClatchy_Contemporary American Poetry_1990,1
Joan Swift,Dacey_Strong Measures_1986,1
Janet Sylvester,Smith_The Morrow Anthology_1985,1
John Taggart,PennSound,1
Nathaniel Tarn,PennSound,1
James Tate,PennSound,1
James Tate,voca,1
James Tate,Dacey_Strong Measures_1986,1
James Tate,Halpern_The New Poetry Anthology_1975,1
James Tate,Smith_The Morrow Anthology_1985,1
Henry Taylor,Elliston,1
Henry Taylor,Smith_The Morrow Anthology_1985,1
Brian Teare,PennSound,1
Brian Teare,voca,1
Roberto Tejada,voca,1
Fiona Templeton,PennSound,1
Lorenzo Thomas,PennSound,1
Susan Tichy,Smith_The Morrow Anthology_1985,1
Richard Tillinghast,Elliston,1
Richard Tillinghast,Smith_The Morrow Anthology_1985,1
Charles Tomlinson,PennSound,1
Edwin Torres,PennSound,1
Edwin Torres,UbuWeb,1
Rodrigo Toscano,PennSound,1
Rodrigo Toscano,voca,1
Tony Towle,PennSound,1
Wesley Trimpi,Hall_New Poets of England and America_1957,1
Quincy Troupe,voca,1
Lewis Turco,Dacey_Strong Measures_1986,1
Frederick Turner,Elliston,1
Frederick Turner,Jarman_Rebel Angels_1996,1
Chase Twichell,Elliston,1
Chase Twichell,Smith_The Morrow Anthology_1985,1
Tristan Tzara,UbuWeb,1
John Updike,Dacey_Strong Measures_1986,1
Jean Valentine,Elliston,1
Jean Valentine,voca,1
Mona Van Duyn,voca,1
Mona Van Duyn,Dacey_Strong Measures_1986,1
Mona Van Duyn,Finch_A Formal Feeling Comes_1994,1
Mona Van Duyn,McClatchy_Contemporary American Poetry_1990,1
Cecilia Vicuña,PennSound,1
Cecilia Vicuña,voca,1
Peter Viereck,Ciardi_Mid-Century American Poets_1950,1
Alma Luz Villanueva,Finch_A Formal Feeling Comes_1994,1
Paul Violi,PennSound,1
Ellen Bryant Voigt,Elliston,1
Ellen Bryant Voigt,voca,1
Ellen Bryant Voigt,Dacey_Strong Measures_1986,1
Ellen Bryant Voigt,Smith_The Morrow Anthology_1985,1
Arthur Vogelsang,Smith_The Morrow Anthology_1985,1
Paul de Vree,UbuWeb,1
David Wagoner,Elliston,1
David Wagoner,voca,1
David Wagoner,Dacey_Strong Measures_1986,1
David Wagoner,McClatchy_Contemporary American Poetry_1990,1
Diane Wakoski,Elliston,1
Diane Wakoski,voca,1
Diane Wakoski,Dacey_Strong Measures_1986,1
Diane Wakoski,Halpern_The New Poetry Anthology_1975,1
Derek Walcott,Elliston,1
Anne Waldman,PennSound,1
Anne Waldman,UbuWeb,1
Anne Waldman,voca,1
Anne Waldman,Finch_A Formal Feeling Comes_1994,1
G. C. Waldrep,voca,1
Keith Waldrop,PennSound,1
Keith Waldrop,voca,1
Rosmarie Waldrop,PennSound,1
Rosmarie Waldrop,voca,1
Alice Walker,Halpern_The New Poetry Anthology_1975,1
Ronald Wallace,Dacey_Strong Measures_1986,1
Marilyn N. Waniek,Finch_A Formal Feeling Comes_1994,1
Marilyn N. Waniek,Smith_The Morrow Anthology_1985,1
Diane Ward,PennSound,1
Candice Warne,Dacey_Strong Measures_1986,1
Robert Penn Warren,voca,1
Robert Penn Warren,Dacey_Strong Measures_1986,1
Robert Penn Warren,Elliott_Fifteen Modern American Poets_1956,1
Robert Penn Warren,McClatchy_Contemporary American Poetry_1990,1
Rosanna Warren,Elliston,1
Rosanna Warren,Smith_The Morrow Anthology_1985,1
Lewis Warsh,PennSound,1
Lewis Warsh,UbuWeb,1
Michael Waters,Elliston,1
Michael Waters,Smith_The Morrow Anthology_1985,1
Barrett Watten,PennSound,1
Tom Weatherly,PennSound,1
Roger Weingarten,Elliston,1
Roger Weingarten,voca,1
Roger Weingarten,Halpern_The New Poetry Anthology_1975,1
Bruce Weigl,Smith_The Morrow Anthology_1985,1
Hannah Weiner,PennSound,1
Hannah Weiner,UbuWeb,1
James Welch,voca,1
James Welch,Halpern_The New Poetry Anthology_1975,1
Lew Welch,PennSound,1
Marjorie Welish,PennSound,1
Mac Wellman,PennSound,1
Darren Wershler,PennSound,1
Kathleene West,Finch_A Formal Feeling Comes_1994,1
Mildred Weston,Finch_A Formal Feeling Comes_1994,1
Rachel Wetzsteon,Jarman_Rebel Angels_1996,1
Philip Whalen,PennSound,1
Gail White,Finch_A Formal Feeling Comes_1994,1
Jon Manchip White,Hall_New Poets of England and America_1957,1
James Whitehead,Dacey_Strong Measures_1986,1
Carolyn B. Whitlow,Finch_A Formal Feeling Comes_1994,1
Ruth Whitman,Elliston,1
Reed Whittemore,voca,1
Reed Whittemore,Hall_New Poets of England and America_1957,1
John Wieners,PennSound,1
Dara Wier,Smith_The Morrow Anthology_1985,1
Richard Wilbur,Elliston,1
Richard Wilbur,voca,1
Richard Wilbur,Ciardi_Mid-Century American Poets_1950,1
Richard Wilbur,Dacey_Strong Measures_1986,1
Richard Wilbur,Elliott_Fifteen Modern American Poets_1956,1
Richard Wilbur,Hall_New Poets of England and America_1957,1
Richard Wilbur,McClatchy_Contemporary American Poetry_1990,1
Richard Wilbur,Vendler_Contemporary American Poetry_1985,1
Peter Wild,voca,1
Peter Wild,Halpern_The New Poetry Anthology_1975,1
Joshua Marie Wilkinson,voca,1
Nancy Willard,Finch_A Formal Feeling Comes_1994,1
C. K. Williams,Elliston,1
C. K. Williams,PennSound,1
C. K. Williams,voca,1
C. K. Williams,McClatchy_Contemporary American Poetry_1990,1
Emmett Williams,UbuWeb,1
John A. Williams,voca,1
Jonathan Williams,PennSound,1
Lisa Williams,Elliston,1
Miller Williams,Dacey_Strong Measures_1986,1
William Carlos Williams,PennSound,1
William Carlos Williams,UbuWeb,1
Greg Williamson,Jarman_Rebel Angels_1996,1
Elizabeth Willis,PennSound,1
Sara Wintz,PennSound,1
Harold Witt,Dacey_Strong Measures_1986,1
David Wojahn,voca,1
David Wojahn,Dacey_Strong Measures_1986,1
David Wojahn,Smith_The Morrow Anthology_1985,1
Daniel Wolff,Dacey_Strong Measures_1986,1
Nellie Wong,Finch_A Formal Feeling Comes_1994,1
Baron Wormser,Dacey_Strong Measures_1986,1
Baron Wormser,Smith_The Morrow Anthology_1985,1
C. D. Wright,Elliston,1
C. D. Wright,PennSound,1
C. D. Wright,voca,1
Celeste T. Wright,Finch_A Formal Feeling Comes_1994,1
Charles Wright,Elliston,1
Charles Wright,voca,1
Charles Wright,Dacey_Strong Measures_1986,1
Charles Wright,Halpern_The New Poetry Anthology_1975,1
Charles Wright,McClatchy_Contemporary American Poetry_1990,1
Charles Wright,Vendler_Contemporary American Poetry_1985,1
James Wright,voca,1
James Wright,Dacey_Strong Measures_1986,1
James Wright,Hall_New Poets of England and America_1957,1
James Wright,McClatchy_Contemporary American Poetry_1990,1
James Wright,Vendler_Contemporary American Poetry_1985,1
Jay Wright,Elliston,1
Jay Wright,McClatchy_Contemporary American Poetry_1990,1
Mark Wunderlich,voca,1
John Yau,PennSound,1
William Butler Yeats,UbuWeb,1
Monica Youn,voca,1
Al Young,PennSound,1
Al Young,voca,1
Al Young,Dacey_Strong Measures_1986,1
David Young,Elliston,1
David Young,Halpern_The New Poetry Anthology_1975,1
Dean Young,voca,1
Kevin Young,PennSound,1
La Monte Young,UbuWeb,1
Matthew Zapruder,Elliston,1
Andrew Zawacki,PennSound,1
Andrew Zawacki,voca,1
Lisa Zeidner,Dacey_Strong Measures_1986,1
Paul Zimmer,voca,1
Paul Zimmer,Dacey_Strong Measures_1986,1
Rachel Zucker,PennSound,1
Rachel Zucker,voca,1
Louis Zukofsky,PennSound,1
