name,type,group
Katharyn Machan Aal,member,poet
Monica Aasprong,member,poet
Walter Abish,member,poet
Vito Acconci,member,poet
Friedrich Achleitner,member,poet
Kathy Acker,member,poet
Diane Ackerman,member,poet
Elmaz Abinader,member,poet
Helen Adam,member,poet
Fleur Adcock,member,poet
Etel Adnan,member,poet
Rick Agran,member,poet
Ai,member,poet
Sascha Akhtar,member,poet
Sally Alatalo,member,poet
Nanina Alba,member,poet
Rosa Alcalá,member,poet
Alta (Alta Gerrey),member,poet
Daisy Aldan,member,poet
Elizabeth Alexander,member,poet
Lewis Alexander,member,poet
Will Alexander,member,poet
Sherman Alexie,member,poet
Miguel Algarín,member,poet
Ahmed Legraham Alhamisi,member,poet
Agha Shahid Ali,member,poet
Dick Allen,member,poet
Samuel Allen,member,poet
Rick Alley,member,poet
Nell Altizer,member,poet
Julia Alvarez,member,poet
George Amabile,member,poet
Johari Amini,member,poet
Kingsley Amis,member,poet
A. R. Ammons,member,poet
Paal Bjelke Andersen,member,poet
Alice Anderson,member,poet
Charles Anderson,member,poet
Daniel Anderson,member,poet
Jon Anderson,member,poet
S. E. Anderson,member,poet
Bruce Andrews,member,poet
Ralph Angel,member,poet
Talvikki Ansel,member,poet
Aaron Anstett,member,poet
David Antin,member,poet
Roger Aplon,member,poet
James Applewhite,member,poet
Stan Apps,member,poet
Louis Aragon,member,poet
Alain Arias-Misson,member,poet
Rae Armantrout,member,poet
Craig Arnold,member,poet
H. C. Artmann,member,poet
John Ashbery,member,poet
Askia M. Touré (Rolland Snellings),member,poet
Amy De'Ath,member,poet
Russell Atkins,member,poet
Margaret Atwood,member,poet
Nathan Austin,member,poet
Joseph Awad,member,poet
Susan Axelrod,member,poet
Ronaldo Azeredo,member,poet
Jimmy Santiago Baca,member,poet
David Baker,member,poet
Kuwasi Balagon,member,poet
Peter Balakian,member,poet
J. G. Ballard,member,poet
Mary Jo Bang,member,poet
Stephen Bann,member,poet
Fiona Banner,member,poet
Barbara Baracks,member,poet
Amiri Baraka (LeRoi Jones),member,poet
David Baratier,member,poet
Sharon Barba,member,poet
David Barber,member,poet
Rick Barot,member,poet
Gerald William Barrax,member,poet
Judith Barrington,member,poet
Anita Barrows,member,poet
Ellen Bass,member,poet
Madeline Bass,member,poet
Bruce Bawer,member,poet
Dan Beachy-Quick,member,poet
Ray A. Young Bear,member,poet
Bruce Beasley,member,poet
Paul Beatty,member,poet
Derek Beaulieu,member,poet
Phyllis Beauvais,member,poet
Joshua Beckman,member,poet
Samuel Beckett,member,poet
Tom Beckett,member,poet
Cal Bedient,member,poet
Erin Belieu,member,poet
Josh Bell,member,poet
Marvin Bell,member,poet
William Bell,member,poet
Dodie Bellamy,member,poet
Martine Bellen,member,poet
Carlo Belloli,member,poet
Molly Bendall,member,poet
Michael Benedikt,member,poet
Lawrence Benford,member,poet
Dina Ben-Lev,member,poet
Bob Bennett,member,poet
Bruce Bennett,member,poet
Louise Bennett,member,poet
Max Bense,member,poet
John Bensko,member,poet
Steve Benson,member,poet
Jasper Bernes,member,poet
Stephen Berg,member,poet
Jacqueline Berger,member,poet
Caroline Bergvall,member,poet
Bill Berkson,member,poet
David Berman,member,poet
Erica Bernheim,member,poet
Alan Bernheimer,member,poet
Carole Bernstein,member,poet
Charles Bernstein,member,poet
Ted Berrigan,member,poet
John Berryman,member,poet
Mei-mei Berssenbrugge,member,poet
James Bertram,member,poet
Jen Bervin,member,poet
Lebert Bethune,member,poet
Gregory Betts,member,poet
Mark Bibbins,member,poet
Hart Leroi Bibbs,member,poet
Frank Bidart,member,poet
David Biespiel,member,poet
Elizabeth Bishop,member,poet
Sherwin Bitsui,member,poet
Austin Black,member,poet
Isaac J. Black,member,poet
Paul Blackburn,member,poet
Brian Blanchfield,member,poet
Richard Blanco,member,poet
Robin Blaser,member,poet
Randy Blasing,member,poet
Chana Bloch,member,poet
Ron Block,member,poet
Michael Blumenthal,member,poet
Robert Bly,member,poet
Louise Bogan,member,poet
Christian Bök,member,poet
Eavan Boland,member,poet
Joe Bolton,member,poet
Harold Bond,member,poet
Arna Bontemps,member,poet
Philip Booth,member,poet
Ebbe Borregaard,member,poet
Daniel Borzutzky,member,poet
David Bottoms,member,poet
Bruce Boyd,member,poet
Anne Boyer,member,poet
Kay Boyle,member,poet
Edgar Bowers,member,poet
Alison Brackenbury,member,poet
Walter Bradford,member,poet
Andrea Brady,member,poet
Anne Hazlewood Brady,member,poet
Edgard Braga,member,poet
Beth Brant,member,poet
Kamau Brathwaite,member,poet
Jodi Braxton,member,poet
George Brecht,member,poet
Claus Bremer,member,poet
Ray Bremser,member,poet
Summer Brenner,member,poet
Gaylord Brewer,member,poet
John Bricuth,member,poet
Besmilr Brigham,member,poet
Lucie Brock-Broido,member,poet
Van K. Brock,member,poet
Jim Brodey,member,poet
David Bromige,member,poet
William Bronk,member,poet
Edwin Brooks,member,poet
Gwendolyn Brooks,member,poet
Mary Pierce Brosmer,member,poet
Nicole Brossard,member,poet
Joel Brouwer,member,poet
Brandon Brown,member,poet
Earle Brown,member,poet
James Brown,member,poet
"Oscar Brown, Jr.",member,poet
Lee Ann Brown,member,poet
Rita Mae Brown,member,poet
Rosellen Brown,member,poet
Stephanie Brown,member,poet
Sterling A. Brown,member,poet
Laynie Browne,member,poet
Michael Dennis Browne,member,poet
Michael Brownstein,member,poet
James Broughton,member,poet
Debra Bruce,member,poet
Sharon Bryan,member,poet
Frederick J. Bryant,member,poet
Oni Buchanan,member,poet
Julianne Buchsbaum,member,poet
Marie Buck,member,poet
Julia Budenz,member,poet
Charles Bukowski,member,poet
Ed Bullins,member,poet
Carlos Bulosan,member,poet
Michael Burkard,member,poet
Elizabeth-Jane Burnett,member,poet
Stanley Burnshaw,member,poet
Margaret Burroughs,member,poet
William S. Burroughs,member,poet
Stephen Burt,member,poet
Lisa Buscani,member,poet
Grace Butcher,member,poet
Anthony Butts,member,poet
David Buuck,member,poet
Steph Byrd,member,poet
Mairéad Byrne,member,poet
Olga Cabral,member,poet
John Cage,member,poet
Marcella Caine,member,poet
Rafael Campo,member,poet
Augusto de Campos,member,poet
Haroldo de Campos,member,poet
Melissa Cannon,member,poet
Henri Chopin,member,poet
Nick Carbó,member,poet
Henry Carlile,member,poet
Jim Carpenter,member,poet
Julie Carr,member,poet
Jim Carroll,member,poet
Kenneth Carroll,member,poet
Paul Carroll,member,poet
Hayden Carruth,member,poet
Anne Carson,member,poet
Keith Cartwright,member,poet
Turner Cassity,member,poet
Ana Castillo,member,poet
Charles Causley,member,poet
Blaise Cendrars,member,poet
Joseph Ceravolo,member,poet
Lorna Dee Cervantes,member,poet
Theresa Hak Kyung Cha,member,poet
Len Chandler,member,poet
Fred Chappell,member,poet
Hayan Charara,member,poet
Helen Chasin,member,poet
Lisa D. Chavez,member,poet
Maxine Chernoff,member,poet
Kelly Cherry,member,poet
Laura Chester,member,poet
Dan Chiasson,member,poet
Abigail Child,member,poet
Justin Chin,member,poet
Marilyn Chin,member,poet
A. V. Christie,member,poet
Nicholas Christopher,member,poet
Bao-Long Chu,member,poet
John Ciardi,member,poet
Sandra Cisneros,member,poet
Thomas Claburn,member,poet
Paula Claire,member,poet
Amy Clampitt,member,poet
Carl Clark,member,poet
Elisabeth S. Clark,member,poet
Tom Clark,member,poet
Cheryl Clarke,member,poet
Killarney Clary,member,poet
Carlfriedrich Claus,member,poet
Carole Gregory Clemmons,member,poet
Michelle Cliff,member,poet
Lucille Clifton,member,poet
Claude Closky,member,poet
Joshua Clover,member,poet
Bob Cobbing,member,poet
Andrei Codrescu,member,poet
Lisa Coffman,member,poet
Henri Cole,member,poet
Norma Cole,member,poet
Wanda Coleman,member,poet
Martha Collins,member,poet
Carrie St. George Comer,member,poet
Gillian Conoley,member,poet
Conyus,member,poet
Mike Cook,member,poet
Jennifer Cooke,member,poet
Nicole Cooley,member,poet
Peter Cooley,member,poet
Clark Coolidge,member,poet
Dennis Cooper,member,poet
Jane Cooper,member,poet
Corina Copp,member,poet
William Corbett,member,poet
Martin Corless-Smith,member,poet
Cid Corman,member,poet
Alfred Corn,member,poet
Sam Cornish,member,poet
Gregory Corso,member,poet
Jayne Cortez,member,poet
Gerald Costanzo,member,poet
Jonathan Cott,member,poet
Henri Coulette,member,poet
Hart Crane,member,poet
Robert Creeley,member,poet
Emily Critchley,member,poet
Ranice Henderson Crosby,member,poet
Stanley Crouch,member,poet
Cynthia Cruz,member,poet
Victor Hernández Cruz,member,poet
Katherine L. Cuestas,member,poet
Countee Cullen,member,poet
J. V. Cunningham,member,poet
James Cunningham,member,poet
Barbara Brinson Curiel,member,poet
Linda Curry,member,poet
Philip Dacey,member,poet
Beverly Dahlen,member,poet
Maria Damon,member,poet
Rosemary Daniell,member,poet
James Danner,member,poet
Margaret Danner,member,poet
Ann Darr,member,poet
Tina Darragh,member,poet
Lesley Dauer,member,poet
Glover David,member,poet
Joy Davidman,member,poet
Michael Davidson,member,poet
Donald Davie,member,poet
Alan Davies,member,poet
Brian Joseph Davis,member,poet
Catherine Davis,member,poet
Christopher Davis,member,poet
Dick Davis,member,poet
Frank Marshall Davis,member,poet
Gloria Davis,member,poet
Jordan Davis,member,poet
Lydia Davis,member,poet
Ronda Davis,member,poet
Olena Kalytiak Davis,member,poet
Ossie Davis,member,poet
Thulani Davis,member,poet
Peter Davison,member,poet
Jean Day,member,poet
Connie Deanovich,member,poet
Julia de Burgos,member,poet
Mark DeCarteret,member,poet
Angela de Hoyos,member,poet
Madeline DeFrees,member,poet
David Degener,member,poet
Katie Degentesh,member,poet
Lee DeJasu,member,poet
Walter De Maria,member,poet
Mónica de la Torre,member,poet
Walt Delegall,member,poet
Juan Delgado,member,poet
Edwin Denby,member,poet
Dennis,member,poet
Tom Dent,member,poet
Jeff Derksen,member,poet
Toi Derricotte,member,poet
Eunice de Souza,member,poet
Babette Deutsch,member,poet
Thomas Devaney,member,poet
Christopher Dewdney,member,poet
"Di Piero, W. S.",member,poet
Diane di Prima,member,poet
James Dickey,member,poet
Emily Dickinson,member,poet
Denis Diderot,member,poet
Patricia Dienstfrey,member,poet
Linh Dinh,member,poet
Ray DiPalma,member,poet
Thomas M. Disch,member,poet
Marcel Duchamp,member,poet
"Djangatolum (Lloyd M. Corbin, Jr.)",member,poet
Stephen Dobyns,member,poet
Elizabeth Dodd,member,poet
Owen Dodson,member,poet
Reinhard Döhl,member,poet
Ding Dong,member,poet
Timothy Donnelly,member,poet
Ebon Dooley,member,poet
Stacy Doris,member,poet
Sonya Dorman,member,poet
Edward Dorn,member,poet
Mark Doty,member,poet
Sean Thomas Dougherty,member,poet
Keith Douglas,member,poet
Rita Dove,member,poet
Philip Dow,member,poet
Ben Doyle,member,poet
Kirby Doyle,member,poet
Suzanne J. Doyle,member,poet
Lynne Dreyer,member,poet
Johanna Drucker,member,poet
Norman Dubie,member,poet
Alfred A. Duckett,member,poet
Richard Duerden,member,poet
Peter Kane Dufault,member,poet
Carol Ann Duffy,member,poet
Alan Dugan,member,poet
Denise Duhamel,member,poet
Henry Dumas,member,poet
Paul Lawrence Dunbar,member,poet
Robert Duncan,member,poet
Douglas Dunn,member,poet
Stephen Dunn,member,poet
Rachel Blau DuPlessis,member,poet
Ray Durem,member,poet
Craig Dworkin,member,poet
Bob Dylan,member,poet
Jaci Earley,member,poet
Charles Edward Eaton,member,poet
Richard Eberhart,member,poet
Russell Edson,member,poet
Harry Edwards,member,poet
W. D. Ehrhart,member,poet
Gretel Ehrlich,member,poet
Larry Eigner,member,poet
Barbara Einzig,member,poet
Torsten Ekbom,member,poet
Thomas Sayers Ellis,member,poet
Kenward Elmslie,member,poet
Laura Elrick,member,poet
James A. Emanuel,member,poet
Jocelyn Emerson,member,poet
Leatrice W. Emeruwa,member,poet
Lynn Emanuel,member,poet
Anita Endrezze,member,poet
John Engels,member,poet
Daniel Mark Epstein,member,poet
Elaine Equi,member,poet
Heid E. Erdrich,member,poet
Louise Erdrich,member,poet
Clayton Eshleman,member,poet
Martín Espada,member,poet
Rhina P. Espaillat,member,poet
Carrie Etter,member,poet
George Evans,member,poet
Mari Evans,member,poet
William Everson (Brother Antoninus),member,poet
Peter Everwine,member,poet
Sarah Webster Fabio,member,poet
Öyvind Fahlström,member,poet
Ruth Fainlight,member,poet
Dan Farrell,member,poet
Julie Fay,member,poet
Sascha Feinstein,member,poet
Frederick Feirstein,member,poet
Andrew Feld,member,poet
Irving Feldman,member,poet
Susan Feldman,member,poet
Elizabeth Fenton,member,poet
James Fenton,member,poet
Deanna Ferguson,member,poet
Gerald Ferguson,member,poet
Lawrence Ferlinghetti,member,poet
Renaldo Fernandez,member,poet
Carl Fernbach-Flarsheim,member,poet
Monica Ferrell,member,poet
David Ferry,member,poet
Edward Field,member,poet
Miranda Field,member,poet
Julia Fields,member,poet
Kai Fierle-Hedrick,member,poet
Annie Finch,member,poet
Donald Finkel,member,poet
Ian Hamilton Finlay,member,poet
Lisa Fishman,member,poet
Robert Fitterman,member,poet
Bob Fletcher,member,poet
Henry Flynt,member,poet
Nick Flynn,member,poet
"Forbes, Calvin",member,poet
Carolyn Forché,member,poet
Charles Henri Ford,member,poet
Katie Ford,member,poet
Kent Foreman,member,poet
Nicole Forman,member,poet
Ruth Forman,member,poet
Sesshu Foster,member,poet
Graham Foust,member,poet
Siv Cedering Fox,member,poet
Clarence Franklin,member,poet
Al Fraser,member,poet
Kathleen Fraser,member,poet
Bill Frederick,member,poet
Carol Freeman,member,poet
Larry Freifeld,member,poet
Benjamin Friedlander,member,poet
Kenny Fries,member,poet
Carol Frost,member,poet
Joanna Fuhrman,member,poet
Heather Fuller,member,poet
John Fuller,member,poet
Alice Fulton,member,poet
Christopher Funkhouser,member,poet
John Furnival,member,poet
Tess Gallagher,member,poet
Dick Gallup,member,poet
James Galvin,member,poet
Forrest Gander,member,poet
Heinz Gappmayr,member,poet
Suzanne Gardinier,member,poet
Drew Gardner,member,poet
Isabella Gardner,member,poet
Susana Gardner,member,poet
Ilse Garnier,member,poet
Pierre Garnier,member,poet
George Garrett,member,poet
Jean Garrigue,member,poet
Marvin Gaye,member,poet
Lethonia Gee,member,poet
Steve Gehrke,member,poet
Joan Austin Geier,member,poet
Timothy Geiger,member,poet
Amy Gerstler,member,poet
Susan Gevirtz,member,poet
Reginald Gibbons,member,poet
Margaret Gibson,member,poet
Lawrence Giffin,member,poet
Celia Gilbert,member,poet
Christopher Gilbert,member,poet
Zack Gilbert,member,poet
Gary Gildner,member,poet
Carmen Giménez Smith,member,poet
Madeline Gins,member,poet
Allen Ginsberg,member,poet
Dana Gioia,member,poet
John Giorno,member,poet
Daniela Gioseffi,member,poet
Nikki Giovanni,member,poet
C. S. Giscombe,member,poet
Peter Gizzi,member,poet
Michele Glazer,member,poet
Lisa Glatt,member,poet
Madeline Gleason,member,poet
Louise Glück,member,poet
John Godfrey,member,poet
Patricia Goedicke,member,poet
Matthias Goeritz,member,poet
Douglas Goetsch,member,poet
Albert Goldbarth,member,poet
Judith Goldman,member,poet
Kenneth Goldsmith,member,poet
Eugen Gomringer,member,poet
Joe Goncalves,member,poet
Rigoberto González,member,poet
Michael Goode,member,poet
Lorna Goodison,member,poet
Melinda Goodman,member,poet
L. Goodwin,member,poet
Charles F. Gordon,member,poet
Nada Gordon,member,poet
Noah Eli Gordon,member,poet
Sarah Gorham,member,poet
Ludwig Gosewitz,member,poet
Ann Gottlieb,member,poet
Michael Gottlieb,member,poet
Carmin Auld Goulbourne,member,poet
Donald D. Govan,member,poet
D. L. Graham,member,poet
Dan Graham,member,poet
Jorie Graham,member,poet
K. Lorraine Graham,member,poet
Le Graham,member,poet
Rudy Bee Graham,member,poet
W. S. Graham,member,poet
Judy Grahn,member,poet
Michelle Grangaud,member,poet
Kim Green,member,poet
Melissa Green,member,poet
Arielle Greenberg,member,poet
Barbara L. Greenberg,member,poet
Carl H. Greene,member,poet
Ted Greenwald,member,poet
Jane Greer,member,poet
Debora Greger,member,poet
Debra Gregerman,member,poet
Linda Gregg,member,poet
Carole Gregory,member,poet
Robert Grenier,member,poet
Susan Griffin,member,poet
Jessica Grim,member,poet
Bohumila Grögerová,member,poet
Emily Grosholz,member,poet
Jennifer Grotz,member,poet
José Lino Grünewald,member,poet
Barbara Guest,member,poet
Charles Gullans,member,poet
Thom Gunn,member,poet
R. S. Gwynn,member,poet
Beth Gylys,member,poet
Brion Gysin,member,poet
H.D.,member,poet
Marilyn Hacker,member,poet
Rachel Hadas,member,poet
Jessica Hagedorn,member,poet
Kimiko Hahn,member,poet
Haki R. Madhubuti (Don L. Lee),member,poet
Donald Hall,member,poet
John Hall,member,poet
Kirk Hall,member,poet
Anne Halley,member,poet
Mark Halperin,member,poet
Daniel Halpern,member,poet
Michael Hamburger,member,poet
Bobb Hamilton,member,poet
Q. R. Hand,member,poet
Al Hansen,member,poet
James Harms,member,poet
Joy Harjo,member,poet
Edward Harkness,member,poet
Michael S. Harper,member,poet
Janice N. Harrington,member,poet
William J. Harris,member,poet
Jim Harrison,member,poet
Tony Harrison,member,poet
Elizabeth B. Harrod,member,poet
Carla Harryman,member,poet
Charles O. Hartman,member,poet
Mary Cornelia Hartshorne,member,poet
Matthea Harvey,member,poet
Michael Harvey,member,poet
Robert Hass,member,poet
Umar Bin Hassan,member,poet
William Hathaway,member,poet
Vaclav Havel,member,poet
Robert Hayden,member,poet
Terrance Hayes,member,poet
"Albert E. Haynes, Jr.",member,poet
Steve Healey,member,poet
Seamus Heaney,member,poet
John Heath-Stubbs,member,poet
Anthony Hecht,member,poet
Allison Adelle Hedge Coke,member,poet
Michael Heffernan,member,poet
Thomas Heise,member,poet
Helmut Heisesenbüttel,member,poet
Lyn Hejinian,member,poet
Judith Hemschemeyer,member,poet
David Henderson,member,poet
Peggy Henderson,member,poet
Brian Henry,member,poet
Calvin C. Hernton,member,poet
Ruth Herschberger,member,poet
Phillip Hey,member,poet
William Heyen,member,poet
Bob Hicok,member,poet
Dick Higgins,member,poet
Mitch Highfill,member,poet
Geoffrey Hill,member,poet
Mary Crockett Hill,member,poet
Quentin Hill,member,poet
Brenda Hillman,member,poet
Ellen Hinsey,member,poet
Josef Hiršal,member,poet
Edward Hirsch,member,poet
H. L. Hix,member,poet
Everett Hoagland,member,poet
Sandra Hochman,member,poet
Åke Hodell,member,poet
Daniel Hoffman,member,poet
Linda Hogan,member,poet
Jonathan Holden,member,poet
Barbara A. Holland,member,poet
John Hollander,member,poet
Anselm Hollo,member,poet
John Holloway,member,poet
M. Carl Holman,member,poet
John Holmes,member,poet
Cathy Park Hong,member,poet
Garrett Kaoru Hongo,member,poet
Paul Hoover,member,poet
Theodore Horne,member,poet
David Brendan Hopes,member,poet
Dom Sylvester Houédard,member,poet
Joan Houlihan,member,poet
Gloria Larry House,member,poet
Ben Howard,member,poet
Richard Howard,member,poet
Vanessa Howard,member,poet
Fanny Howe,member,poet
Susan Howe,member,poet
Barbara Howes,member,poet
Andrew Hudgins,member,poet
Yunte Huang,member,poet
Douglas Huebler,member,poet
Robert Huff,member,poet
Langston Hughes,member,poet
Ted Hughes,member,poet
Richard Hugo,member,poet
Christine Hume,member,poet
Austin Hummell,member,poet
T. R. Hummer,member,poet
Erica Hunt,member,poet
William Hunt,member,poet
Toshi Ichiyanagi,member,poet
David Ignatow,member,poet
Yusef Iman,member,poet
Catherine Imbriglio,member,poet
Lawson Fusao Inada,member,poet
Colette Inez,member,poet
P. Inman (Peter Inman),member,poet
Kenneth Irby,member,poet
"Weldon J. Irvine, Jr.",member,poet
Elton Hill-Abu Ishak,member,poet
Lucille Iverson,member,poet
Bruce Jackson,member,poet
Major Jackson,member,poet
J. L. Jacobs,member,poet
Josephine Jacobsen,member,poet
Peter Jaeger,member,poet
Elizabeth James,member,poet
Thomas James,member,poet
Ernst Jandl,member,poet
Mark Jarman,member,poet
Lisa Jarnot,member,poet
Randall Jarrell,member,poet
Lance Jeffers,member,poet
Elizabeth Jennings,member,poet
Terry Jennings,member,poet
Laura Jensen,member,poet
Judson Jerome,member,poet
Ted Joans,member,poet
Johari Amini (Jewel C. Latimore),member,poet
Alicia Loy Johnson,member,poet
Christine C. Johnson,member,poet
Denis Johnson,member,poet
Don Johnson,member,poet
Jonathan Johnson,member,poet
James Weldon Johnson,member,poet
Ray Johnson,member,poet
"Raymond Edward ""Ray"" Johnson",member,poet
Ronald Johnson,member,poet
Gayle Jones,member,poet
Howard Jones,member,poet
Rodney Jones,member,poet
Erica Jong,member,poet
A. Van Jordan,member,poet
Norman Jordan,member,poet
Judy Jordan,member,poet
June Jordan,member,poet
Andrew Joron,member,poet
Allison Joseph,member,poet
Donald Justice,member,poet
Kalamu ya Salaam (Val Ferdinand),member,poet
Hiro Kamimura,member,poet
Ilya Kaminsky,member,poet
Lenore Kandel,member,poet
Bhanu Kapil,member,poet
Julia Kasdorf,member,poet
Laura Kasischke,member,poet
Kitasono Katue,member,poet
Joy Katz,member,poet
Bob Kaufman,member,poet
Shirley Kaufman,member,poet
Ellen de Young Kay,member,poet
Emma Kay,member,poet
Richard Katrovas,member,poet
Claudia Keelan,member,poet
Greg Keeler,member,poet
Weldon Kees,member,poet
Lenore Keeshit-Tobias,member,poet
Sally Keith,member,poet
Robert Kelly,member,poet
Dolores Kendrick,member,poet
Bill Kennedy,member,poet
Christine Kennedy,member,poet
X. J. Kennedy,member,poet
Peggy Kenner,member,poet
Richard Kenney,member,poet
Jane Kenyon,member,poet
David Keplinger,member,poet
Jack Kerouac,member,poet
Keorapetse William Kgositsile,member,poet
Faye Kicknosway,member,poet
Ger Killeen,member,poet
Maurice Kilwein Guevara,member,poet
Myung Mi Kim,member,poet
Suji Kwock Kim,member,poet
James Kimbrell,member,poet
Galway Kinnell,member,poet
Thomas Kinsella,member,poet
Mary Kinzie,member,poet
Carolyn Kizer,member,poet
Peter Klappert,member,poet
Michael Klauke,member,poet
August Kleinzahler,member,poet
Irena Klepfisz,member,poet
Joanna Klink,member,poet
Etheridge Knight,member,poet
Bill Knott (Saint Geraud),member,poet
Christopher Knowles,member,poet
Caroline Knox,member,poet
Kenneth Koch,member,poet
Noelle Kocot,member,poet
Rodney Koeneke,member,poet
Phyllis Koestenbaum,member,poet
Jiří Kolář,member,poet
Sybil Kollar,member,poet
Yusef Komunyakaa,member,poet
Ted Kooser,member,poet
Richard Kostelanetz,member,poet
Joseph Kosuth,member,poet
Aaron Kramer,member,poet
Ferdinand Kriwet,member,poet
Judith Kroll,member,poet
Frances Kruk,member,poet
Maxine Kumin,member,poet
Stanley Kunitz,member,poet
Alex Kuo,member,poet
Kush,member,poet
Greg Kuzma,member,poet
Stephen Kwartler,member,poet
Joanne Kyger,member,poet
Gerry LaFemina,member,poet
Melvin Walker La Follette,member,poet
Oliver La Grone,member,poet
Joan LaBombard,member,poet
Philip Lamantia,member,poet
Art Lange,member,poet
Joseph Langland,member,poet
Philip Larkin,member,poet
Lance Larsen,member,poet
Grace Lake,member,poet
Paul Lake,member,poet
James Laughlin,member,poet
Ann Lauterbach,member,poet
Robert Layzer,member,poet
Sydney Lea,member,poet
Joseph Lease,member,poet
Katy Lederer,member,poet
Al Lee,member,poet
Li-Young Lee,member,poet
Barbara Lefcowitz,member,poet
David Lehman,member,poet
Leevi Lehto,member,poet
Brad Leithauser,member,poet
Ben Lerner,member,poet
Cy Leslie,member,poet
Rika Lesser,member,poet
Julius Lester,member,poet
Meridel LeSueur,member,poet
Denise Levertov,member,poet
Dana Levin,member,poet
Phillis Levin,member,poet
Philip Levine,member,poet
Mark Levine,member,poet
Fred Levinson,member,poet
Larry Levis,member,poet
Janet Lewis,member,poet
John L'Heureux,member,poet
Elizabeth Libbey,member,poet
Lyn Lifshin,member,poet
Kate Light,member,poet
Fatimah Lim-Wilson,member,poet
Frank Lima,member,poet
Tan Lin,member,poet
Frans van der Linde,member,poet
Linyatta (Doris Turner),member,poet
Lou Lipsitz,member,poet
Francesca Lisette,member,poet
Beth Lisick,member,poet
Timothy Liu,member,poet
David Llorens,member,poet
Reginald Lockett,member,poet
Ron Loewinsohn,member,poet
John Logan,member,poet
William Logan,member,poet
Dana Teen Lomax,member,poet
M. Loncar,member,poet
Joel Long,member,poet
Worth Long,member,poet
Michael Longley,member,poet
Arrigo Lora-Totino,member,poet
Audre Lorde,member,poet
Adrian C. Louis,member,poet
Trisha Low,member,poet
Amy Lowell,member,poet
Robert Lowell,member,poet
Bill Luoma,member,poet
James R. Lucas,member,poet
"Ludvigson, Susan",member,poet
Thomas Lux,member,poet
K. Curtis Lyle,member,poet
Karen Mac Cormack,member,poet
Jackson Mac Low,member,poet
Lewis MacAdams,member,poet
Rory Macbeth,member,poet
Cynthia MacDonald,member,poet
Jon Mack,member,poet
Mary Mackey,member,poet
Nathaniel Mackey,member,poet
Kathryn MacLeod,member,poet
Naomi Long Madgett,member,poet
Michael Magee,member,poet
Margo Magid,member,poet
Derek Mahon,member,poet
Clarence Major,member,poet
Joseph Major,member,poet
Gerald Malanga,member,poet
Stéphane Mallarmé,member,poet
Nayo (Barbara Malcolm),member,poet
Donato Mancini,member,poet
Tom Mandel,member,poet
Maurice Manning,member,poet
Peter Manson,member,poet
Morton Marcus,member,poet
Paul Mariani,member,poet
Malinda Markham,member,poet
Sabrina Orah Mark,member,poet
Corey Marks,member,poet
Peter Markus,member,poet
David Marlatt,member,poet
Stephanie Marlis,member,poet
D. S. Marriott,member,poet
Jack Marshall,member,poet
Edward Marshall,member,poet
Charles Martin,member,poet
Dionisio D. Martínez,member,poet
Valerie Martínez,member,poet
Marvin X (Marvin E. Jackmon),member,poet
Donna Masini,member,poet
David Mason,member,poet
John Mason,member,poet
William Matchett,member,poet
Harry Mathews,member,poet
Cleopatra Mathis,member,poet
Shigeru Matsui,member,poet
Khaled Mattawa,member,poet
William Matthews,member,poet
Richard Maxfield,member,poet
Ellyn Maybe,member,poet
Bernadette Mayer,member,poet
Hansjörg Mayer,member,poet
Sophie Mayer,member,poet
Curtis Mayfield,member,poet
Jane Mayhall,member,poet
E. L. Mayo,member,poet
"McBride, Mekeel",member,poet
Angela McCabe,member,poet
Steve McCaffery,member,poet
Shara McCallum,member,poet
Cavan McCarthy,member,poet
Gerald McCarthy,member,poet
J. D. McClatchy,member,poet
Michael McClure,member,poet
Judith McCombs,member,poet
Howard McCord,member,poet
Jeffrey McDaniel,member,poet
Colleen J. McElroy,member,poet
David McElroy,member,poet
Phyllis McGinley,member,poet
Campbell McGrath,member,poet
Thomas McGrath,member,poet
Medbh McGuckian,member,poet
Heather McHugh,member,poet
Patricia McIlnay,member,poet
Leslie Anne Mcilroy,member,poet
Claude McKay,member,poet
Elizabeth McKim,member,poet
Paula McLain,member,poet
Stephen McLaughlin,member,poet
James McMichael,member,poet
Mark McMorris,member,poet
Sandra McPherson,member,poet
Joyelle McSweeney,member,poet
Peter Meinke,member,poet
David Melnick,member,poet
Richard Meltzer,member,poet
David Meltzer,member,poet
William Meredith,member,poet
Eve Merriam,member,poet
James Merrill,member,poet
Constance Merritt,member,poet
W. S. Merwin,member,poet
Sharon Mesmer,member,poet
Sarah Messer,member,poet
Douglas Messerli,member,poet
Deena Metzger,member,poet
June Meyer,member,poet
Robert Mezey,member,poet
James Michie,member,poet
Christof Migone,member,poet
Josephine Miles,member,poet
Edna St. Vincent Millay,member,poet
Adam David Miller,member,poet
Jane Miller,member,poet
Vassar Miller,member,poet
Tomoko Minami,member,poet
Carol Mirakove,member,poet
Gary Miranda,member,poet
Ernie Mkalimoto,member,poet
Judith Moffett,member,poet
K. Silem Mohammad,member,poet
N. Scott Momaday,member,poet
Franz Mon,member,poet
Paul Monette,member,poet
Geraldine Monk,member,poet
Leslie Monsour,member,poet
Honor Moore,member,poet
Marianne Moore,member,poet
Richard Moore,member,poet
Rosalie Moore,member,poet
Amus Mor,member,poet
Cherríe Moraga,member,poet
Edwin Morgan,member,poet
Frederick Morgan,member,poet
John Morgan,member,poet
Robin Morgan,member,poet
Robert Morgan,member,poet
Laura Moriarty,member,poet
Hilda Morley,member,poet
Mörling Malena,member,poet
Herbert Morris,member,poet
Marianne Morris,member,poet
Robert Morris,member,poet
Simon Morris,member,poet
Simone Morris,member,poet
Tracie Morris,member,poet
Rusty Morrison,member,poet
Yedda Morrison,member,poet
"Joseph M. Mosley, Jr.",member,poet
Howard Moss,member,poet
Stanley Moss,member,poet
Thylia Moss,member,poet
Fred Moten,member,poet
Andrew Motion,member,poet
Julie Moulds,member,poet
Erin Mouré,member,poet
Jennifer Moxley,member,poet
Jenny Mueller,member,poet
Lisel Mueller,member,poet
Paul Muldoon,member,poet
Wendy Mulford,member,poet
Rick Mulkey,member,poet
Harryette Mullen,member,poet
Laura Mullen,member,poet
G. E. Murray,member,poet
Les Murray,member,poet
Pauli Murray,member,poet
David Mus,member,poet
Carol Muske-Dukes,member,poet
Jack Myers,member,poet
Eileen Myles,member,poet
Glenn Myles,member,poet
Maurizio Nannucci,member,poet
Gaston Neal,member,poet
Larry Neal,member,poet
Melanie Neilson,member,poet
Maggie Nelson,member,poet
Marilyn Nelson,member,poet
Alexandra Nemerov,member,poet
Howard Nemerov,member,poet
Amy Newman,member,poet
Michael Nicholas,member,poet
bpNichol (Barrie Phillip Nichol),member,poet
Mel Nichols,member,poet
Grace Nichols,member,poet
Jeanette Nichols,member,poet
Lorine Niedecker,member,poet
Hans-Jørgen Nielsen,member,poet
Seiichi Niikuni,member,poet
Heidi Lynn Nilsson,member,poet
John Frederick Nims,member,poet
Rick Noguchi,member,poet
Suzanne Noguere,member,poet
Eiríkur Örn Norðdahl,member,poet
George Norman,member,poet
Leslie Norris,member,poet
Charles North,member,poet
Alice Notley,member,poet
Ladislav Novák,member,poet
Mark Nowak,member,poet
Geoffrey Nutter,member,poet
Naomi Shihab Nye,member,poet
C. K. Ogden,member,poet
DT Ogilvie,member,poet
Jennifer O'Grady,member,poet
Frank O'Hara,member,poet
Christopher Okigbo,member,poet
Sharon Olds,member,poet
Carole Oles,member,poet
Mary Oliver,member,poet
Tejumola Ologboni,member,poet
Redell Olsen,member,poet
Tillie Lerner Olsen,member,poet
Charles Olson,member,poet
Michael Ondaatze,member,poet
John O'Neal,member,poet
Yoko Ono,member,poet
George Oppen,member,poet
Joel Oppenheimer,member,poet
Tom Orange,member,poet
Steve Orlen,member,poet
Peter Orlovsky,member,poet
Gregory Orr,member,poet
Simon J. Ortiz,member,poet
Barbara J. Orton,member,poet
Maggie O'Sullivan,member,poet
Brenda Marie Osbey,member,poet
Joe Osterhaus,member,poet
Alicia Ostriker,member,poet
Maureen Owen,member,poet
Rochelle Owens,member,poet
Abiodun Oyewole,member,poet
Robert Pack,member,poet
Ron Padgett,member,poet
P. K. Page,member,poet
Nam June Paik,member,poet
Frankie Paino,member,poet
Grace Paley,member,poet
Michael Palmer,member,poet
Miriam Palmer,member,poet
Suzanne Paola,member,poet
Greg Pape,member,poet
Ethan Paquin,member,poet
Parasitic Ventures,member,poet
Jay Parini,member,poet
Alan Michael Parker,member,poet
Elsie Paschen,member,poet
Linda Pastan,member,poet
Kenneth Patchen,member,poet
Charles Patterson,member,poet
G. E. Patterson,member,poet
James Patterson,member,poet
Raymond Richard Patterson,member,poet
Julie Patton,member,poet
Yüksel Pazarkaya,member,poet
Okot p'Biket,member,poet
Molly Peacock,member,poet
John Peck,member,poet
V. Penelope Pelizzon,member,poet
Georges Perec,member,poet
Bob Perelman,member,poet
Craig Santos Perez,member,poet
Stuart Z. Perkoff,member,poet
John Perreault,member,poet
Holly Pester,member,poet
Michael Pettit,member,poet
M. Nourbese Philip,member,poet
Dennis Phillips,member,poet
Tracy Philpot,member,poet
Marge Piercy,member,poet
Décio Pignatari,member,poet
Wang Ping,member,poet
Helen Pinkerton,member,poet
Wlademir Dias Pino,member,poet
Robert Pinsky,member,poet
Luiz Angelo Pinto,member,poet
Nick Piombino,member,poet
Vanessa Place,member,poet
Sylvia Plath,member,poet
Stanley Plumly,member,poet
Sterling Plumpp,member,poet
Hyam Plutzik,member,poet
Katha Pollitt,member,poet
Tom Poole,member,poet
Bern Porter,member,poet
Ezra Pound,member,poet
D. A. Powell,member,poet
Frances Presley,member,poet
Rohan B.,member,poet
Larry Price,member,poet
N. H. Pritchard,member,poet
Kevin Prufer,member,poet
Wyatt Prunty,member,poet
Queen Latifah (Dana Owens),member,poet
Raymond Queneau,member,poet
Helen Quigless,member,poet
Cathleen Quirk,member,poet
Lawrence Raab,member,poet
Thomas Rabbitt,member,poet
Charles Rafferty,member,poet
Yusuf Rahman,member,poet
Craig Raine,member,poet
Carl Rakosi,member,poet
A. K. Ramanujan,member,poet
Bin Ramke,member,poet
Heather Ramsdell,member,poet
Dudley Randall,member,poet
Julia Randall,member,poet
Margaret Randall,member,poet
Paula Rankin,member,poet
Claudia Rankine,member,poet
Lennox Raphael,member,poet
Amir Rashidd,member,poet
Niema Rashidd,member,poet
Stephen Ratcliffe,member,poet
Rochelle Ratner,member,poet
Tom Raworth,member,poet
Joanna Rawson,member,poet
David Ray,member,poet
Judith Rechter,member,poet
Eugene Redmond,member,poet
Srikanth Reddy,member,poet
Spencer Reece,member,poet
Clarence Reed,member,poet
Ishmael Reed,member,poet
Carlyle Reedy,member,poet
William Reichard,member,poet
Alastair Reid,member,poet
Christopher Reid,member,poet
Ariana Reines,member,poet
James Reiss,member,poet
Paisley Rekdal,member,poet
Naomi Replansky,member,poet
Joan Retallack,member,poet
Carl Fredrik Reuterswärd,member,poet
Donald Revell,member,poet
Kenneth Rexroth,member,poet
Barbara Jane Reyes,member,poet
Rebecca Reynolds,member,poet
Charles Reznikoff,member,poet
Adrienne Rich,member,poet
Deborah Richards,member,poet
Edward Richer,member,poet
Wendy G. Rickert,member,poet
Ridhiana,member,poet
John Ridland,member,poet
Denise Riley,member,poet
Atsuro Riley,member,poet
Terry Riley,member,poet
Suzanne Berger Rioff,member,poet
Alberto Álvaro Ríos,member,poet
Conrad Kent Rivers,member,poet
Ed Roberson,member,poet
Kim Roberts,member,poet
Steven Roberts,member,poet
Lisa Robertson,member,poet
Elizabeth Robinson,member,poet
Kit Robinson,member,poet
Sophie Robinson,member,poet
Ruthann Robson,member,poet
Stephen Rodefer,member,poet
Carolyn Rodgers,member,poet
Theodore Roethke,member,poet
Pattiann Rogers,member,poet
Matthew Rohrer,member,poet
Martha Ronk,member,poet
William Pitt Root,member,poet
Lee Ann Roripaugh,member,poet
Wendy Rose,member,poet
Raymond Roseliep,member,poet
Catie Rosemurgy,member,poet
Kenneth Rosen,member,poet
Michael J. Rosen,member,poet
Sarah Rosenblatt,member,poet
Kim Rosenfield,member,poet
Dieter Roth,member,poet
Jerome Rothenberg,member,poet
Raymond Roussel,member,poet
Camille Roy,member,poet
Kathryn Ruby,member,poet
Gibbons Ruark,member,poet
Sarah Ruden,member,poet
Mary Ruefle,member,poet
Gerhard Rühm,member,poet
Muriel Rukeyser,member,poet
Carol Rumens,member,poet
Tessa Rumsey,member,poet
Michael Ryan,member,poet
John Rybicki,member,poet
Ira Sadoff,member,poet
Luis Omar Salinas,member,poet
Mary Jo Salter,member,poet
Lisa Samuels,member,poet
Mary Ann Samyn,member,poet
Sonia Sanchez,member,poet
Kaia Sand,member,poet
Ed Sanders,member,poet
Morgan Sanders,member,poet
Sherod Santos,member,poet
Elizabeth Sargent (E. N. Sargent),member,poet
Aram Saroyan,member,poet
May Sarton,member,poet
Leslie Scalapino,member,poet
Susan Fromberg Schaeffer,member,poet
Ruth Lisa Schechter,member,poet
Roy Scheele,member,poet
James Schevill,member,poet
Robyn Schiff,member,poet
Margot Schilpp,member,poet
Peter Schjeldahl,member,poet
Dennis Schmitz,member,poet
Gjertrud Schnackenberg,member,poet
Philip Schultz,member,poet
Susan M. Schultz,member,poet
James Schuyler,member,poet
Delmore Schwartz,member,poet
Ruth L. Schwartz,member,poet
Gail Scott,member,poet
Johnie Scott,member,poet
Sharon Scott,member,poet
Gil Scott-Heron,member,poet
Winfield Townley Scott,member,poet
Maureen Seaton,member,poet
Peter Seaton,member,poet
Hugh Seidman,member,poet
Lisa Sewell,member,poet
Patty Seyburn,member,poet
Anne Sexton,member,poet
Alan Shapiro,member,poet
David Shapiro,member,poet
Karl Shapiro,member,poet
John J. Sharkey,member,poet
Brenda Shaughnessy,member,poet
Angela Shaw,member,poet
Martha Shelley,member,poet
Reginald Shepherd,member,poet
James Sherry,member,poet
Judith Johnson Sherwin,member,poet
Ara Shirinyan,member,poet
Aaron Shurin,member,poet
Eleni Sikelianos,member,poet
Richard Siken,member,poet
Jon Silkin,member,poet
Martha Silano,member,poet
Leslie Marmon Silko,member,poet
Ron Silliman,member,poet
Charles Simic,member,poet
Barbara Simmons,member,poet
"Gerald L. Simmons, Jr.",member,poet
Herbert A. Simmons,member,poet
Maurya Simon,member,poet
Leslie Simon,member,poet
Louis Simpson,member,poet
Lefty Sims,member,poet
John Sinclair,member,poet
L. E. Sissman,member,poet
C. H. Sisson,member,poet
Knute Skinner,member,poet
Floyd Skloot,member,poet
Zoë Skoulding,member,poet
David R. Slavitt,member,poet
Mary Margaret Sloan,member,poet
Edward Lucie Smith,member,poet
Patricia Smith,member,poet
Welton Smith,member,poet
Dave Smith,member,poet
Rod Smith,member,poet
Tracy K. Smith,member,poet
William Jay Smith,member,poet
W. D. Snodgrass,member,poet
Carol Snow,member,poet
Gary Snyder,member,poet
Gustaf Sobin,member,poet
Rose Solari,member,poet
Phillip Solomon,member,poet
Mary Ellen Solt,member,poet
Cathy Song,member,poet
Angela Sorby,member,poet
Gilbert Sorrentino,member,poet
Gary Soto,member,poet
Marcia Southwick,member,poet
Wole Soyinka,member,poet
Barry Spacks,member,poet
Juliana Spahr,member,poet
Adriano Spatola,member,poet
Roberta Spear,member,poet
A. B. Spellman,member,poet
Jack Spicer,member,poet
Elizabeth Spires,member,poet
Kathleen Spivack,member,poet
Daniel Spoerri,member,poet
Edward S. Spriggs,member,poet
David St. John,member,poet
William Stafford,member,poet
Maura Stanton,member,poet
George Starbuck,member,poet
Timothy Steele,member,poet
Brian Kim Stefans,member,poet
Gertrude Stein,member,poet
Jane Stembridge,member,poet
Stephany,member,poet
Philip Stephens,member,poet
Barry Sternlieb,member,poet
Wallace Stevens,member,poet
Anne Stevenson,member,poet
James T. Stewart,member,poet
Susan Stewart,member,poet
Terry Stokes,member,poet
Leon Stokesbury,member,poet
Carolyn Stoloff,member,poet
Patricia Storace,member,poet
Ruth Stone,member,poet
Mark Strand,member,poet
Catriona Strang,member,poet
Barrett Strong,member,poet
Christina Strong,member,poet
Lynn Strongin,member,poet
Dabney Stuart,member,poet
Adrienne Su,member,poet
Virgil Suárez,member,poet
Nazzam Al Sudan,member,poet
Lynn Sukenick,member,poet
Gary Sullivan,member,poet
Sun Ra (Herman Poole Blount),member,poet
Susan Sutheim,member,poet
Barton Sutter,member,poet
Brian Swann,member,poet
Cole Swensen,member,poet
Karen Swenson,member,poet
May Swenson,member,poet
Joan Swift,member,poet
Janet Sylvester,member,poet
Larissa Szporluk,member,poet
Margo Taft,member,poet
John Taggart,member,poet
Bee Bee Tan,member,poet
Nathaniel Tarn,member,poet
James Tate,member,poet
Henry Taylor,member,poet
Richard Tayson,member,poet
Brian Teare,member,poet
Roberto Tejada,member,poet
Fiona Templeton,member,poet
Jean Tepperman,member,poet
Dylan Thomas,member,poet
Richard W. Thomas,member,poet
Lorenzo Thomas,member,poet
André Thomkins,member,poet
Glen Thompson,member,poet
Nick Thurston,member,poet
Anthony Thwaite,member,poet
Susan Tichy,member,poet
Richard Tillinghast,member,poet
Larry Timewell,member,poet
Charles Tomlinson,member,poet
Jean Toomer,member,poet
Sotère Torregian,member,poet
Edwin Torres,member,poet
Rodrigo Toscano,member,poet
J. Tarin Towers,member,poet
Tony Towle,member,poet
Ann Townsend,member,poet
Elizabeth Treadwell,member,poet
Natasha Trethewey,member,poet
Wesley Trimpi,member,poet
David Trinidad,member,poet
Pimone Triplett,member,poet
Quincy Troupe,member,poet
Sam Truitt,member,poet
Kitty Tsui,member,poet
Lewis Turco,member,poet
Darwin T. Turner,member,poet
Frederick Turner,member,poet
Chase Twichell,member,poet
Tristan Tzara,member,poet
Alpay Ulku,member,poet
John Updike,member,poet
Enrique Uribe Valdivielso,member,poet
Jean Valentine,member,poet
Alden Van Buskirk,member,poet
Mona Van Duyn,member,poet
Allen Van Newkirk,member,poet
Reetika Vazirani,member,poet
Tom Veitch,member,poet
Franco Verdi,member,poet
Paul Vesey,member,poet
Lisa Vice,member,poet
Cecilia Vicuña,member,poet
Peter Viereck,member,poet
Anthony R. Vigil,member,poet
Alma Luz Villanueva,member,poet
Julia Vinograd,member,poet
Paul Violi,member,poet
Ellen Bryant Voigt,member,poet
Arthur Vogelsang,member,poet
Karen Volkman,member,poet
Paul de Vree,member,poet
Catherine Wagner,member,poet
David Wagoner,member,poet
Jeffrey Wainwright,member,poet
Jacques Wakefield,member,poet
Diane Wakoski,member,poet
Derek Walcott,member,poet
Anne Waldman,member,poet
G. C. Waldrep,member,poet
Keith Waldrop,member,poet
Rosmarie Waldrop,member,poet
Alice Walker,member,poet
Margaret Walker,member,poet
Michele Wallace,member,poet
Ronald Wallace,member,poet
Beatrice Walter,member,poet
Malaika Ayo Wangara,member,poet
Marilyn N. Waniek,member,poet
David Scott Ward,member,poet
Diane Ward,member,poet
Thom Ward,member,poet
Andy Warhol,member,poet
James Waring,member,poet
Candice Warne,member,poet
Robert Penn Warren,member,poet
Rosanna Warren,member,poet
Lewis Warsh,member,poet
Raymond Washington,member,poet
Michael Waters,member,poet
Craig Watson,member,poet
Barrett Watten,member,poet
Carol Watts,member,poet
Tom Weatherly,member,poet
Roger Weingarten,member,poet
Joe Wenderoth,member,poet
Ingrid Wendt,member,poet
Bruce Weigl,member,poet
Hannah Weiner,member,poet
Theodore Weiss,member,poet
Ron Welburn,member,poet
James Welch,member,poet
Lew Welch,member,poet
Marjorie Welish,member,poet
Mac Wellman,member,poet
Darren Wershler,member,poet
Christine Wertheim,member,poet
Kathleene West,member,poet
Mildred Weston,member,poet
Rachel Wetzsteon,member,poet
Philip Whalen,member,poet
Susan Wheeler,member,poet
Gail White,member,poet
Jon Manchip White,member,poet
Lawrence L. White,member,poet
Tyner White,member,poet
James Whitehead,member,poet
Roberta Hill Whiteman,member,poet
Norman Whitfield,member,poet
Carolyn B. Whitlow,member,poet
Ruth Whitman,member,poet
Susan M. Whitmore,member,poet
Joyce Whitsitt,member,poet
Reed Whittemore,member,poet
Wendy Wieber,member,poet
Wiener Gruppe,member,poet
John Wieners,member,poet
Dara Wier,member,poet
Richard Wilbur,member,poet
Peter Wild,member,poet
Joshua Marie Wilkinson,member,poet
Nancy Willard,member,poet
C. K. Williams,member,poet
Crystal Williams,member,poet
Emmett Williams,member,poet
John A. Williams,member,poet
Jonathan Williams,member,poet
Lisa Williams,member,poet
Miller Williams,member,poet
William Carlos Williams,member,poet
Greg Williamson,member,poet
Elizabeth Willis,member,poet
Emily Wilson,member,poet
Reginald Wilson,member,poet
Steve Wilson,member,poet
Ted Wilson,member,poet
Christian Wiman,member,poet
Sigmonde Wimberli,member,poet
Fran Winant,member,poet
Max Winter,member,poet
Sara Wintz,member,poet
Suzanne Wise,member,poet
Harold Witt,member,poet
Sam Witt,member,poet
David Wojahn,member,poet
Helen Wolfert,member,poet
Christian Wolff,member,poet
Daniel Wolff,member,poet
Rebecca Wolff,member,poet
Lissa Wolsak,member,poet
Nellie Wong,member,poet
Elisabeth Workman,member,poet
James Worley,member,poet
Baron Wormser,member,poet
C. D. Wright,member,poet
Celeste T. Wright,member,poet
Charles Wright,member,poet
James Wright,member,poet
Jay Wright,member,poet
Judith Wright,member,poet
Richard Wright,member,poet
Mark Wunderlich,member,poet
Elinor Wylie,member,poet
M. Wyrebek,member,poet
Pedro Xisto,member,poet
Mitsuye Yamada,member,poet
Yasuo Fujitomi,member,poet
John Yau,member,poet
William Butler Yeats,member,poet
Monica Youn,member,poet
Al Young,member,poet
C. Dale Young,member,poet
David Young,member,poet
Dean Young,member,poet
Kevin Young,member,poet
La Monte Young,member,poet
Yvonne,member,poet
Katayoon Zandvakili,member,poet
Matthew Zapruder,member,poet
Andrew Zawacki,member,poet
Lisa Zeidner,member,poet
Paul Zimmer,member,poet
Evan Zimroth,member,poet
Ahmos Zu-Bolton II,member,poet
Rachel Zucker,member,poet
Louis Zukofsky,member,poet
Steven Zultanski,member,poet
Vladimir Zykov,member,poet
Elliston,institution,Audio Archives
PennSound,institution,Audio Archives
UbuWeb,institution,Audio Archives
Voca,institution,Audio Archives
Bernstein_43 Poets_1985,institution,Avant-garde
Bernstein_Language Sampler_1982,institution,Avant-garde
Berg_Naked Poetry_1969,institution,Teaching/Survey
Berg_The New Naked Poetry_1976,institution,Teaching/Survey
Bracey_SOS_2014,institution,The Black Arts Movement
Brooks_Jump Bad_1971,institution,The Black Arts Movement
Carroll_The Young American Poets_1968,institution,Emergent Poets
Chapman_New Black Voices_1972,institution,The Black Arts Movement
Chester_Rising Tides_1973,institution,The Feminist Poetry Movement
Ciardi_Mid-Century American Poets_1950,institution,Teaching/Survey
Costanzo_American Poetry_2000,institution,Emergent Poets
Critchley_Out of Everywhere 2_2015,institution,Avant-garde
Dacey_Strong Measures_1986,institution,New Formalism
Dumanis_Legitimate Dangers_2006,institution,Emergent Poets
Dworkin_Against Expression_2011,institution,Avant-garde
Elliott_Fifteen Modern American Poets_1956,institution,Teaching/Survey
Finch_A Formal Feeling Comes_1994,institution,New Formalism
Gardner_Flarf_2017,institution,Avant-garde
Goldsmith_Flarf & Conceptual Writing_2009,institution,Avant-garde
Hall_New Poets of England and America_1957,institution,Teaching/Survey
Halpern_The New Poetry Anthology_1975,institution,Emergent Poets
Hoover_Postmodern American Poetry_1994,institution,Teaching/Survey
Hoover_Postmodern American Poetry_2013,institution,Teaching/Survey
Howe_No More Masks!_1973,institution,The Feminist Poetry Movement
Iverson_We Become New_1975,institution,The Feminist Poetry Movement
Jarman_Rebel Angels_1996,institution,New Formalism
Jones_Black Fire_1968,institution,The Black Arts Movement
Jordan_soulscript_1970,institution,The Black Arts Movement
"King, Jr._The Forerunners_1975",institution,The Black Arts Movement
Major_The New Black Poetry_1969,institution,The Black Arts Movement
McClatchy_Contemporary American Poetry_1990,institution,Teaching/Survey
McGann_Postmodern Poetries_1990,institution,Avant-garde
Messerli_A New American Poetry_1994,institution,Teaching/Survey
"Messerli_""Language"" Poetries_1994",institution,Avant-garde
Myers_The Poets of the New York School_1969,institution,Avant-garde
Nelson_Contemporary American Poetry_2015,institution,Teaching/Survey
O'Sullivan_Out of Everywhere_1996,institution,Avant-garde
Padgett_An Anthology of New York Poets_1970,institution,Avant-garde
Piercy_Early Ripening_1987,institution,The Feminist Poetry Movement
Prufer_The New Young American Poets_2000,institution,Emergent Poets
Ramazani_Contemporary Poetry_2003,institution,Teaching/Survey
Randall_For Malcolm_1969,institution,The Black Arts Movement
Rankine_American Women Poets_2002,institution,Teaching/Survey
Allen_The New American Poetry_1960,institution,Avant-garde
Rankine_American Poets in the 21st Century_2007,institution,Teaching/Survey
Rankine_Eleven More American Women Poets_2012,institution,Teaching/Survey
Rankine_American Poets in the 21st Century_2018,institution,Teaching/Survey
Richman_The Direction of Poetry_1988,institution,New Formalism
Segnitz_Psyche_1973,institution,The Feminist Poetry Movement
Sewell_North American Women Poets in the 21st Century_2020,institution,Teaching/Survey
Shepherd_The Iowa Anthology_2004,institution,Teaching/Survey
Shepherd_Lyric Postmodernisms_2008,institution,Teaching/Survey
Silliman_In the American Tree_1986,institution,Avant-garde
Silliman_The Dwelling Place_1975,institution,Avant-garde
Axelrod_Postmodernisms_2012,institution,Teaching/Survey
Silliman_Realism_1982,institution,Avant-garde
Sloan_Moving Borders_1998,institution,Avant-garde
Smith_The Morrow Anthology_1985,institution,Emergent Poets
Swensen_American Hybrid_2009,institution,Teaching/Survey
Vendler_Contemporary American Poetry_1985,institution,Teaching/Survey
Weinberger_American Poetry Since 1950_1993,institution,Teaching/Survey
Williams_An Anthology of Concrete Poetry_1963,institution,Avant-garde
Young_An Anthology of Chance Operations_1963,institution,Avant-garde